dataset,family,n_runs,mean_variance_mean,mean_variance_std,moran_i_mean,moran_i_std,n_hh_mean,n_hh_std,frac_significant_moran
adult,GBM,10,0.0013830996661781075,0.00013251134603268534,0.07035752442888292,0.020313616800320317,286.1,125.53304124589847,1.0
adult,LogReg,10,5.6473741242153336e-05,4.0658925439060626e-05,0.012358880348349695,0.006557256949111877,40.4,17.31537531277397,1.0
adult,MLP,10,0.0015489658167271464,0.00013475707370281322,0.218073940964161,0.036899518160823055,1336.2,252.95401426609803,1.0
adult,RF,10,0.002524963895484357,0.00030418133424890985,0.25297175239488306,0.01415150154711107,1164.4,285.27810992082794,1.0
adult,kNN,10,0.0016275302275632817,9.755233763920742e-05,0.14873101960749793,0.013760289574888701,548.5,168.96564410817038,1.0
