dataset,n_runs,mean_variance_mean,mean_variance_std,ambiguity_mean,ambiguity_std,disagreement_rate_mean,disagreement_rate_std,discrepancy_mean,discrepancy_std,mean_conflict_mean,mean_conflict_std,frac_conflict_gt0_mean,frac_conflict_ge025_mean,moran_i_mean,moran_i_std,n_test_mean,n_test_std,n_hh_mean,n_hh_std,hh_rate_mean,hh_rate_std,n_ll_mean,n_ll_std,conflict_moran_i_mean,conflict_n_hh_mean,conflict_n_hh_std,conflict_hh_rate_mean,conflict_hh_rate_std,hh_jaccard_var_conflict_mean,hh_jaccard_var_conflict_std,frac_significant_moran,frac_significant_hh,null_mean,null_std,null_n_hh_mean
compas,10,0.001308137903988396,0.000305678886437794,0.12491369277146028,0.012912765099850482,0.2552314622314623,0.06010061908826321,0.0651035616214106,0.00736558493841668,0.03544005544005544,0.006968305659320561,0.1794871794871795,0.05911295911295911,0.2100176841125872,0.08142725359292438,1443.0,0.0,128.4,73.64660360276108,0.08898128898128897,0.05103714733386076,487.9,47.596568503762256,0.1666645854028309,122.0,23.40465290872261,0.08454608454608455,0.016219440685185455,0.07809112477764217,0.056827464752232576,1.0,1.0,-0.00046301300700127886,0.0059285244668002965,0.0
german,10,0.005023214283659764,0.0021289668448074427,0.2448893495214326,0.0672902247560211,0.4537133333333333,0.15563672362505174,0.1377053678160005,0.03256296091193637,0.05928,0.02191989456584538,0.30050000000000004,0.09849999999999999,0.08760560437670288,0.03877525940656373,200.0,0.0,5.4,5.378971401051816,0.027000000000000003,0.02689485700525908,20.6,11.936870984009541,0.048692207921293515,1.3,2.406010991015812,0.006500000000000001,0.01203005495507906,0.11843137254901961,0.3123433607169848,0.9,0.8,-0.005358442307700795,0.014193801880605445,0.0
adult,10,0.0013830996661781075,0.00013251134603268534,0.09614235008491723,0.006347022223835649,0.14233944108915958,0.01146672440950374,0.05261659630558404,0.00662029560538306,0.017210768758317126,0.0010785206264144844,0.09539359197461357,0.027454191831303106,0.07493317280366249,0.021908948472710636,9769.0,0.0,631.0,239.74616205942112,0.06459207697819633,0.024541525443691384,3705.0,301.886660115275,0.11764642192073065,627.1,59.88034364927739,0.0641928549493295,0.00612962878997619,0.18421472596042227,0.051956849511636566,1.0,1.0,-8.041567762880811e-05,0.00152789875392266,0.0
