dataset,n_runs,mean_variance_mean,mean_variance_std,ambiguity_mean,ambiguity_std,disagreement_rate_mean,disagreement_rate_std,discrepancy_mean,discrepancy_std,mean_conflict_mean,mean_conflict_std,frac_conflict_gt0_mean,frac_conflict_ge025_mean,moran_i_mean,moran_i_std,n_hh_mean,n_ll_mean,n_ll_std,conflict_moran_i_mean,conflict_n_hh_mean,hh_jaccard_var_conflict_mean,neighborhood_agreement_mean,neighborhood_agreement_std,lcae_mean,lcae_std,frac_significant_moran,frac_significant_hh,null_mean,null_std,null_n_hh_mean,acc_mean_mean,acc_mean_std,brier_mean_mean,brier_mean_std,acc_ensemble_mean,brier_ensemble_mean
compas,10,0.001308137903988396,0.000305678886437794,0.12491369277146028,0.012912765099850482,0.2552314622314623,0.06010061908826321,0.0651035616214106,0.00736558493841668,0.03544005544005544,0.006968305659320561,0.1794871794871795,0.05911295911295911,0.1992790458558252,0.07722703460343348,86.7,553.8,43.070484866862905,0.17176931556323033,107.9,0.05532581879020948,0.8492723492723492,0.007100167037802205,0.001138522523959446,0.0003081728515289858,1.0,1.0,-0.0003377195288288675,0.006227257745933451,0.0,0.6796396396396396,0.00801018740593131,0.20918466258480262,0.003779528991123344,0.682120582120582,0.20787652468081425
german,10,0.005023214283659764,0.0021289668448074427,0.2448893495214326,0.0672902247560211,0.4537133333333333,0.15563672362505174,0.1377053678160005,0.03256296091193637,0.05928,0.02191989456584538,0.30050000000000004,0.09849999999999999,0.10415478446159013,0.03969504905166441,2.7,36.9,18.082834094491076,0.052491074284554906,0.5,0.21428571428571427,0.7445833333333334,0.032155990360263856,0.0042899245556952455,0.001896336314845649,1.0,0.7,-0.005480941908170528,0.014561587144110535,0.0,0.74908,0.02760099837163706,0.1702686502364034,0.015416119337343914,0.757,0.1652454359527436
adult,10,0.0013830996661781075,0.00013251134603268534,0.09614235008491723,0.006347022223835649,0.14233944108915958,0.01146672440950374,0.05261659630558404,0.00662029560538306,0.017210768758317126,0.0010785206264144844,0.09539359197461357,0.027454191831303106,0.07035752442888292,0.020313616800320317,286.1,4136.8,190.9367550903818,0.1228820011860295,526.7,0.1042593100613122,0.8884902924216057,0.002769335439483266,0.0009563254202748226,0.00011839038452613219,1.0,1.0,-7.309093725351307e-05,0.0016126281147540438,0.0,0.8699703142593919,0.0017995670924899022,0.08995800875891308,0.0008361704380781761,0.872289896611731,0.08857490909273495
