dataset,n_runs,mean_variance_mean,mean_variance_std,ambiguity_mean,ambiguity_std,disagreement_rate_mean,disagreement_rate_std,discrepancy_mean,discrepancy_std,mean_conflict_mean,mean_conflict_std,frac_conflict_gt0_mean,frac_conflict_ge025_mean,moran_i_mean,moran_i_std,n_test_mean,n_test_std,n_hh_mean,n_hh_std,hh_rate_mean,hh_rate_std,n_ll_mean,n_ll_std,conflict_moran_i_mean,conflict_n_hh_mean,conflict_n_hh_std,conflict_hh_rate_mean,conflict_hh_rate_std,hh_jaccard_var_conflict_mean,hh_jaccard_var_conflict_std,frac_significant_moran,frac_significant_hh,null_mean,null_std,null_n_hh_mean
compas,10,0.001308137903988396,0.000305678886437794,0.12491369277146028,0.012912765099850482,0.2552314622314623,0.06010061908826321,0.0651035616214106,0.00736558493841668,0.03544005544005544,0.006968305659320561,0.1794871794871795,0.05911295911295911,0.2100176841125872,0.08142725359292438,1443.0,0.0,129.7,71.6240958833765,0.08988218988218988,0.04963554808272799,483.1,50.593038607653874,0.1666645854028309,122.7,24.55402207378661,0.08503118503118504,0.017015954313088433,0.0823093633439674,0.05873011286087645,1.0,1.0,-0.00046301300700127886,0.0059285244668002965,0.0
german,10,0.005023214283659764,0.0021289668448074427,0.2448893495214326,0.0672902247560211,0.4537133333333333,0.15563672362505174,0.1377053678160005,0.03256296091193637,0.05928,0.02191989456584538,0.30050000000000004,0.09849999999999999,0.08760560437670288,0.03877525940656373,200.0,0.0,6.0,5.270462766947299,0.03,0.026352313834736494,21.6,14.276632033579284,0.048692207921293515,2.0,3.265986323710904,0.01,0.01632993161855452,0.145,0.3093002855909878,0.9,0.8,-0.005358442307700795,0.014193801880605445,0.003
adult,10,0.0013830996661781075,0.00013251134603268534,0.09614235008491723,0.006347022223835649,0.14233944108915958,0.01146672440950374,0.05261659630558404,0.00662029560538306,0.017210768758317126,0.0010785206264144844,0.09539359197461357,0.027454191831303106,0.07493317280366249,0.021908948472710636,9769.0,0.0,630.3,218.41349673396,0.06452042174224587,0.022357815204622784,3696.5,297.84307948985486,0.11764642192073065,624.5,61.80120459092111,0.06392670693008495,0.0063262569956926105,0.1846726308380583,0.04520851644382026,1.0,1.0,-8.041567762880811e-05,0.00152789875392266,0.0
