Design,|HH|,Precision,Recall,Jaccard,Moran's I,Empirical p-value,Pearson r (var vs margin),Spearman r (var vs margin),Mean margin HH,Mean margin non-HH,Mean margin structural exceptions,Mean margin ordinary boundary,Mean variance structural exceptions,Mean variance ordinary boundary
Structural exceptions,187,0.6417112299465241,1.0,0.6417112299465241,0.19992096280523036,0.009900990099009901,0.01823717906249876,0.11106737041387602,0.3654484495318894,0.2438358344759929,0.42411936094451724,0.029188968576809173,0.0024553347462845016,0.0006008720257922257
