Design,|HH|,Precision,Recall,Jaccard,Moran's I,Empirical p-value,Pearson r (var vs margin),Spearman r (var vs margin),Mean margin HH,Mean margin non-HH,Mean margin structural exceptions,Mean margin ordinary boundary,Mean variance structural exceptions,Mean variance ordinary boundary
Structural exceptions,215,0.5581395348837209,1.0,0.5581395348837209,0.19992096280523022,0.009900990099009901,0.01823717906249878,0.11106737041387602,0.34923724158791436,0.24387396107285259,0.42411936094451724,0.029188968576809176,0.0024553347462845008,0.0006008720257922257
