dataset,pool_type,subset,family,hp,mean_importance,std_importance,n_seeds,mean_rank,rank_freq_top1,rank_freq_top3
compas,Rashomon,all,kNN,n_neighbors,0.7868210067056552,0.17204220464550335,10,1.1,0.9,1.0
compas,Rashomon,all,kNN,weights,0.34177973229474684,0.17475499718622567,6,1.8333333333333333,0.16666666666666666,1.0
compas,Rashomon,all,kNN,p,0.021786719497039298,0.01605014523477091,10,2.6,0.0,1.0
compas,full_pool,all,kNN,weights,0.6578491862534293,0.014711207736750668,10,1.0,1.0,1.0
compas,full_pool,all,kNN,n_neighbors,0.25683692531385505,0.013214833380015466,10,2.0,0.0,1.0
compas,full_pool,all,kNN,p,0.004278789576172331,0.0008399435530715189,10,3.0,0.0,1.0
