dataset,pool_type,subset,family,hp,mean_importance,std_importance,mean_rank,rank_freq_top1,rank_freq_top3,n_seeds
adult,Rashomon,all,RF,max_depth,0.2835259894493939,0.08862223500600379,1.4,0.6,1.0,10
adult,Rashomon,all,RF,max_features,0.22549168062046757,0.15757644478197338,2.0,0.3333333333333333,0.8888888888888888,9
adult,Rashomon,all,RF,min_samples_leaf,0.10417559335698434,0.038273022356702616,3.3,0.0,0.5,10
adult,Rashomon,all,RF,n_estimators,0.0830778998886869,0.05251438457683275,3.9,0.1,0.3,10
adult,Rashomon,all,RF,min_samples_split,0.07705488464639673,0.057418919069422744,4.1,0.0,0.4,10
