dataset,pool_type,subset,family,hp,mean_importance,std_importance,mean_rank,rank_freq_top1,rank_freq_top3,n_seeds
german,Rashomon,HH,GBM,learning_rate,0.32885460008731277,0.1335378925005001,1.3333333333333333,0.6666666666666666,1.0,3
german,Rashomon,HH,GBM,max_depth,0.24176141461564601,0.19919505812206909,2.0,0.3333333333333333,1.0,3
german,Rashomon,HH,GBM,subsample,0.11051417758583032,0.033578086427294616,3.0,0.0,0.6666666666666666,3
german,Rashomon,HH,GBM,n_estimators,0.053213148205009365,0.017481193430007504,3.6666666666666665,0.0,0.3333333333333333,3
