dataset,pool_type,subset,family,hp,mean_importance,std_importance,mean_rank,rank_freq_top1,rank_freq_top3,n_seeds
german,Rashomon,HH,RF,max_features,0.20836892938464444,0.03361514160700417,1.6666666666666667,0.3333333333333333,1.0,3
german,Rashomon,HH,RF,min_samples_leaf,0.1719157617583117,0.14081543380135036,3.0,0.3333333333333333,0.3333333333333333,3
german,Rashomon,HH,RF,max_depth,0.12489480073573996,0.052356212231137365,2.6666666666666665,0.3333333333333333,0.6666666666666666,3
german,Rashomon,HH,RF,min_samples_split,0.12304164120402368,0.04153173550917852,4.0,0.0,0.3333333333333333,3
german,Rashomon,HH,RF,n_estimators,0.08749948332757179,0.06615249665516326,3.6666666666666665,0.0,0.6666666666666666,3
