dataset,pool_type,subset,family,hp,mean_importance,std_importance,mean_rank,rank_freq_top1,rank_freq_top3,n_seeds
compas,Rashomon,all,kNN,n_neighbors,0.7868210067056552,0.17204220464550335,1.1,0.9,1.0,10
compas,Rashomon,all,kNN,weights,0.34177973229474684,0.17475499718622567,1.8333333333333333,0.16666666666666666,1.0,6
compas,Rashomon,all,kNN,p,0.021786719497039298,0.01605014523477091,2.6,0.0,1.0,10
