dataset,pool_type,subset,family,hp,mean_importance,std_importance,n_seeds,mean_rank,rank_freq_top1,rank_freq_top3
german,Rashomon,all,MLP,learning_rate_init,0.19921647737261267,0.11022700016118213,10,1.5,0.6,1.0
german,Rashomon,all,MLP,hidden_layer_sizes,0.16002078089721772,0.041736877894932814,10,1.7,0.4,1.0
german,Rashomon,all,MLP,alpha,0.09680192514648116,0.0314392394061623,10,2.9,0.0,0.9
german,Rashomon,all,MLP,activation,0.0656707516156678,0.014001547164027508,10,3.9,0.0,0.1
german,full_pool,all,MLP,learning_rate_init,0.4099095226615039,0.05368058195941896,10,1.0,1.0,1.0
german,full_pool,all,MLP,hidden_layer_sizes,0.06745372843667405,0.02435104088340169,10,2.1,0.0,1.0
german,full_pool,all,MLP,alpha,0.050477467783815275,0.016982531536485723,10,2.9,0.0,1.0
german,full_pool,all,MLP,activation,0.023554158504607372,0.007959647754694548,10,4.0,0.0,0.0
