dataset,pool_type,subset,family,hp,mean_importance,std_importance,mean_rank,rank_freq_top1,rank_freq_top3,n_seeds
german,Rashomon,HH,MLP,learning_rate_init,0.29010017219921896,0.19419020174001067,1.3333333333333333,0.6666666666666666,1.0,3
german,Rashomon,HH,MLP,hidden_layer_sizes,0.15658845292777476,0.058504084987432044,1.6666666666666667,0.3333333333333333,1.0,3
german,Rashomon,HH,MLP,activation,0.07354501527825287,0.009667668125084563,3.3333333333333335,0.0,0.6666666666666666,3
german,Rashomon,HH,MLP,alpha,0.06684500806583464,0.009881210377709204,3.6666666666666665,0.0,0.3333333333333333,3
