dataset,pool_type,subset,family,hp,mean_importance,std_importance,n_seeds,mean_rank,rank_freq_top1,rank_freq_top3
compas,Rashomon,all,MLP,learning_rate_init,0.2167872627896128,0.09783871370363617,10,1.5,0.7,1.0
compas,Rashomon,all,MLP,hidden_layer_sizes,0.15061164826854645,0.03147239661272663,10,2.1,0.2,1.0
compas,Rashomon,all,MLP,alpha,0.13228857254567153,0.05978383386563271,10,2.9,0.1,0.6
compas,Rashomon,all,MLP,activation,0.08720789190477778,0.041740414019673704,10,3.5,0.0,0.4
compas,full_pool,all,MLP,learning_rate_init,0.29243754320680637,0.04061420148142047,10,1.0,1.0,1.0
compas,full_pool,all,MLP,hidden_layer_sizes,0.09202171277970417,0.02399019257351903,10,2.2,0.0,1.0
compas,full_pool,all,MLP,activation,0.06099548236485954,0.020197371899888218,10,3.4,0.0,0.6
compas,full_pool,all,MLP,alpha,0.05664059711668945,0.021695381399677582,10,3.4,0.0,0.4
