dataset,pool_type,subset,mean_ratio,std_ratio,n_seeds
adult,Rashomon,HH,0.7851713558487895,0.013244427447917486,10
adult,Rashomon,all,0.7052921316736903,0.014031350968096903,10
adult,Rashomon,non_HH,0.6145504455849822,0.01534274593600908,10
adult,full_pool,HH,0.37565816598163787,0.024152355013821864,10
adult,full_pool,all,0.3610880994426223,0.016136345286249274,10
adult,full_pool,non_HH,0.33606173034910036,0.0060738248864613525,10
