dataset,pool_type,subset,mean_ratio,std_ratio,n_seeds
adult,Rashomon,HH,0.784680177442324,0.01326329460805174,10
adult,Rashomon,all,0.7052921316736903,0.014031350968096903,10
adult,Rashomon,non_HH,0.614002655701472,0.014108255516182184,10
adult,full_pool,HH,0.3756492889575623,0.02416435018563138,10
adult,full_pool,all,0.3610880994426223,0.016136345286249274,10
adult,full_pool,non_HH,0.33607708971550265,0.004913786794576506,10
