dataset,pool_type,subset,mean_ratio,std_ratio,n_seeds
german,Rashomon,HH,0.5338544182267512,0.050912775617990395,3
german,Rashomon,all,0.530622075934085,0.04249877732775051,10
german,Rashomon,non_HH,0.5292934064547579,0.04295788941125381,10
