dataset,pool_type,subset,mean_ratio,std_ratio,n_seeds
compas,Rashomon,HH,0.5251053203617861,0.03135060684959276,10
compas,Rashomon,all,0.4126133441609182,0.03018243785296555,10
compas,Rashomon,non_HH,0.38529623827267523,0.025903519504481814,10
compas,full_pool,HH,0.42796597324022734,0.08235841274738141,10
compas,full_pool,all,0.4231168751186306,0.017829453996635103,10
compas,full_pool,non_HH,0.42434800782032767,0.01430111163798915,10
