dataset,pool_type,subset,mean_ratio,std_ratio,n_seeds
adult,Rashomon,all,0.7052921316736903,0.014031350968096903,10
adult,full_pool,all,0.3610880994426223,0.016136345286249274,10
