dataset,pool_type,subset,mean_ratio,std_ratio,n_seeds
compas,Rashomon,HH,0.5240228886428127,0.033819078484612866,10
compas,Rashomon,all,0.4126133441609182,0.03018243785296555,10
compas,Rashomon,non_HH,0.38563227491676455,0.026644183254952148,10
compas,full_pool,HH,0.41969601117999017,0.08641673300414389,10
compas,full_pool,all,0.4231168751186306,0.017829453996635103,10
compas,full_pool,non_HH,0.42433696249538366,0.014595156892147566,10
