dataset,pool_type,subset,mean_ratio,std_ratio,n_seeds
german,Rashomon,HH,0.5602667590701343,0.07610045152634361,6
german,Rashomon,all,0.530622075934085,0.04249877732775051,10
german,Rashomon,non_HH,0.5263311791478557,0.042657120820899765,10
german,full_pool,HH,0.29859618334152355,0.07660249429385672,8
german,full_pool,all,0.29887255831541987,0.023141041964242305,10
german,full_pool,non_HH,0.2988987407394986,0.02085076903394545,10
