dataset,pool_type,subset,mean_ratio,std_ratio,n_seeds
german,Rashomon,HH,0.5338544182267512,0.050912775617990395,3
german,Rashomon,all,0.530622075934085,0.04249877732775051,10
german,Rashomon,non_HH,0.5292934064547579,0.04295788941125381,10
german,full_pool,HH,0.3034068976025699,0.04132912045232521,6
german,full_pool,all,0.29887255831541987,0.023141041964242305,10
german,full_pool,non_HH,0.2993239320506863,0.02376532867279128,10
