dataset,pool_type,subset,mean_ratio,std_ratio,n_seeds
compas,Rashomon,HH,0.5246049749291669,0.03458213338579202,10
compas,Rashomon,all,0.4126133441609182,0.03018243785296555,10
compas,Rashomon,non_HH,0.3903235897495664,0.027431870633844314,10
compas,full_pool,HH,0.420124961277726,0.06969313698362707,10
compas,full_pool,all,0.4231168751186306,0.017829453996635103,10
compas,full_pool,non_HH,0.42386690091460766,0.01602775974476472,10
