dataset,family,subset,hp_name,rashomon_mean_importance,full_pool_mean_importance,rashomon_mean_rank,full_pool_mean_rank,delta_rashomon_minus_full
compas,kNN,all,weights,0.6265183780743876,0.3429109465698793,1.5,1.7,0.2836074315045083
compas,kNN,all,n_neighbors,0.7325092450094723,0.5309597370137539,1.3,1.3,0.20154950799571847
compas,kNN,all,p,0.02526344046995067,0.0003990657061569835,2.6,3.0,0.024864374763793686
