dataset,family,subset,hp_name,rashomon_mean_importance,full_pool_mean_importance,rashomon_mean_rank,full_pool_mean_rank,delta_rashomon_minus_full
german,RF,all,n_estimators,0.2900294874498461,0.05700043966264986,2.1,4.0,0.23302904778719621
german,RF,all,min_samples_leaf,0.12989570485472385,0.040863491316036435,3.5,3.8,0.08903221353868741
german,RF,all,min_samples_split,0.10398750239369656,0.039569866723929606,3.4,4.0,0.06441763566976695
german,RF,all,max_depth,0.07636286009238251,0.11416194532499384,3.8,2.2,-0.03779908523261133
german,RF,all,max_features,0.48782241488446854,0.5347269484273779,2.2,1.0,-0.046904533542909355
