dataset,family,pool_type,hp,mean_delta,std_delta,n_seeds
german,MLP,full_pool,activation,0.007992071129057187,0.010128531390940436,6
german,MLP,full_pool,learning_rate_init,0.004192550829558726,0.06175705613033739,6
german,MLP,full_pool,hidden_layer_sizes,-0.0026891995973864096,0.012860406988099812,6
german,MLP,full_pool,alpha,-0.002933771152998879,0.015024670386623135,6
