dataset,pool_type,subset,family,hp_name,mean_importance,std_importance,n_seeds,mean_V_m,mean_rank,rank_freq_top1,rank_freq_top3,grouping_type,n_groups,min_group_size
adult,Rashomon,all,MLP,learning_rate_init,0.5129375452398811,0.1795730107624258,10,0.0015489658167271467,1.2,0.8,1.0,numeric_exact,3.0,4.8
adult,Rashomon,all,MLP,hidden_layer_sizes,0.1587439623143393,0.11632670158795563,10,0.0015493237182419256,2.6,0.2,0.7,categorical_exact,4.9,3.3
adult,Rashomon,all,MLP,alpha,0.1380601178930192,0.14231817727173512,10,0.0015489658167271467,3.1,0.0,0.6,numeric_exact,4.0,4.5
adult,Rashomon,all,MLP,activation,0.11249104003768096,0.06845615972352401,10,0.0015489658167271467,3.1,0.0,0.7,categorical_exact,2.0,10.5
adult,full_pool,all,MLP,learning_rate_init,0.2988585930871606,0.06103893332654423,10,0.002199521184942151,1.0,1.0,1.0,numeric_exact,3.0,14.4
adult,full_pool,all,MLP,hidden_layer_sizes,0.09038035413171115,0.039837611624829176,10,0.002199521184942151,2.3,0.0,1.0,categorical_exact,5.0,7.9
adult,full_pool,all,MLP,alpha,0.05445953147012239,0.0454837238170139,10,0.002199521184942151,3.0,0.0,0.7,numeric_exact,4.0,10.1
adult,full_pool,all,MLP,activation,0.030734474616484257,0.026460045847873793,10,0.002199521184942151,3.7,0.0,0.3,categorical_exact,2.0,22.3
