dataset,pool_type,subset,family,hp_name,mean_importance,std_importance,n_seeds,mean_V_m,mean_rank,rank_freq_top1,rank_freq_top3,grouping_type,n_groups,min_group_size
compas,Rashomon,all,kNN,weights,0.866995053875403,0.0036507321067772887,3,0.012148464239587313,1.0,1.0,1.0,categorical_exact,2.0,3.0
compas,Rashomon,all,kNN,n_neighbors,0.3072489419055918,0.14118293144535804,10,0.010692453277963337,1.3,0.7,1.0,numeric_tertile,3.0,6.5
compas,Rashomon,all,kNN,p,0.02526344046995067,0.031041354546788497,10,0.010692453277963337,2.3,0.0,1.0,numeric_exact,2.0,11.8
compas,full_pool,all,kNN,weights,0.3429109465698793,0.1289159720667711,10,0.019836212621340457,1.1,0.9,1.0,categorical_exact,2.0,24.3
compas,full_pool,all,kNN,n_neighbors,0.13547208939287234,0.03616289751552807,10,0.019836212621340457,1.9,0.1,1.0,numeric_tertile,3.0,15.1
compas,full_pool,all,kNN,p,0.0003990657061569835,0.0005281071623211408,10,0.019836212621340457,3.0,0.0,1.0,numeric_exact,2.0,24.6
