dataset,pool_type,subset,family,hp_name,mean_importance,std_importance,n_seeds,mean_V_m,mean_rank,rank_freq_top1,rank_freq_top3,grouping_type,n_groups,min_group_size
adult,Rashomon,all,GBM,learning_rate,0.2442111030971446,0.08785338119413162,10,0.0013761245910794443,1.3,0.7,1.0,numeric_exact,3.3,4.2
adult,Rashomon,all,GBM,max_depth,0.1166964902110067,0.0911429662137448,10,0.001383802612220297,2.5,0.1,0.9,numeric_exact,3.9,3.6
adult,Rashomon,all,GBM,n_estimators,0.1125272951913198,0.09696323614993477,10,0.0013830996661781075,2.7,0.2,0.7,numeric_exact,3.0,5.4
adult,Rashomon,all,GBM,subsample,0.04368257931022244,0.048021400505563513,10,0.0013830996661781075,3.5,0.0,0.4,numeric_exact,3.0,5.9
adult,full_pool,all,GBM,learning_rate,0.32678060729489056,0.07606119639924248,10,0.004559721595958373,1.0,1.0,1.0,numeric_exact,4.0,9.9
adult,full_pool,all,GBM,n_estimators,0.07700082769029058,0.05667390951533656,10,0.004559721595958373,2.4,0.0,0.9,numeric_exact,3.0,14.2
adult,full_pool,all,GBM,max_depth,0.031149219220253647,0.02067393842511188,10,0.004559721595958373,3.0,0.0,0.7,numeric_exact,4.0,9.7
adult,full_pool,all,GBM,subsample,0.0165362192034799,0.011826681367011555,10,0.004559721595958373,3.6,0.0,0.4,numeric_exact,3.0,13.9
