dataset,pool_type,subset,family,hp_name,mean_importance,std_importance,n_seeds,mean_V_m,mean_rank,rank_freq_top1,rank_freq_top3,grouping_type,n_groups,min_group_size
german,Rashomon,all,GBM,learning_rate,0.22727979451973535,0.17549796740541423,10,0.0070764084002670575,2.0,0.5,0.9,numeric_exact,3.7,3.6
german,Rashomon,all,GBM,n_estimators,0.14431645253966768,0.10524892532198667,10,0.007108161467769321,1.9,0.3,1.0,numeric_exact,3.0,5.7
german,Rashomon,all,GBM,max_depth,0.13075303647815015,0.0883834084430801,10,0.007106226114797965,2.5,0.2,0.7,numeric_exact,3.9,4.1
german,Rashomon,all,GBM,subsample,0.044257971500114984,0.03362615615068528,10,0.007108161467769321,3.6,0.0,0.4,numeric_exact,3.0,6.7
german,full_pool,all,GBM,learning_rate,0.27811649925304877,0.08576343920750142,10,0.015415145648605941,1.0,1.0,1.0,numeric_exact,4.0,9.9
german,full_pool,all,GBM,max_depth,0.0667084494063421,0.04337752173752641,10,0.015415145648605941,2.6,0.0,1.0,numeric_exact,4.0,9.7
german,full_pool,all,GBM,n_estimators,0.06233396769552517,0.04648879567184358,10,0.015415145648605941,2.7,0.0,0.8,numeric_exact,3.0,14.2
german,full_pool,all,GBM,subsample,0.01798153045826636,0.02125033401692702,10,0.015415145648605941,3.7,0.0,0.2,numeric_exact,3.0,13.9
