dataset,pool_type,subset,family,hp_name,mean_importance,std_importance,n_seeds,mean_V_m,mean_rank,rank_freq_top1,rank_freq_top3
german,Rashomon,all,GBM,learning_rate,0.23172517425128142,0.1769628416871748,10,0.007108161467769321,2.0,0.5,0.9
german,Rashomon,all,GBM,n_estimators,0.14431645253966768,0.10524892532198667,10,0.007108161467769321,1.9,0.3,1.0
german,Rashomon,all,GBM,max_depth,0.13082538994623047,0.08840750437823991,10,0.007108161467769321,2.5,0.2,0.7
german,Rashomon,all,GBM,subsample,0.044257971500114984,0.03362615615068528,10,0.007108161467769321,3.6,0.0,0.4
german,full_pool,all,GBM,learning_rate,0.27811649925304877,0.08576343920750142,10,0.015415145648605941,1.0,1.0,1.0
german,full_pool,all,GBM,max_depth,0.0667084494063421,0.04337752173752641,10,0.015415145648605941,2.6,0.0,1.0
german,full_pool,all,GBM,n_estimators,0.06233396769552517,0.04648879567184358,10,0.015415145648605941,2.7,0.0,0.8
german,full_pool,all,GBM,subsample,0.01798153045826636,0.02125033401692702,10,0.015415145648605941,3.7,0.0,0.2
