dataset,pool_type,subset,family,hp_name,mean_importance,std_importance,n_seeds,mean_V_m,mean_rank,rank_freq_top1,rank_freq_top3
compas,Rashomon,all,LogReg,C,0.8620473464507702,0.12080001920670062,10,5.982223858097044e-05,1.0,1.0,1.0
compas,Rashomon,all,LogReg,l1_ratio,0.1073165185784529,0.03945603184131447,10,5.982223858097044e-05,2.0,0.0,1.0
compas,full_pool,all,LogReg,C,0.9262915203106636,0.03525006553114991,10,0.005934612332792318,1.0,1.0,1.0
compas,full_pool,all,LogReg,l1_ratio,0.05891133322260759,0.01983855077368554,10,0.005934612332792318,2.0,0.0,1.0
