dataset,pool_type,subset,family,hp_name,mean_importance,std_importance,n_seeds,mean_V_m,mean_rank,rank_freq_top1,rank_freq_top3
compas,Rashomon,all,kNN,n_neighbors,0.7325092450094723,0.27246827611441715,10,0.010692453277963337,1.3,0.7,1.0
compas,Rashomon,all,kNN,weights,0.6265183780743876,0.27104537035886245,6,0.011568678402386701,1.5,0.5,1.0
compas,Rashomon,all,kNN,p,0.02526344046995067,0.031041354546788497,10,0.010692453277963337,2.6,0.0,1.0
compas,full_pool,all,kNN,n_neighbors,0.5309597370137539,0.11956616008497935,10,0.019836212621340457,1.3,0.7,1.0
compas,full_pool,all,kNN,weights,0.3429109465698793,0.1289159720667711,10,0.019836212621340457,1.7,0.3,1.0
compas,full_pool,all,kNN,p,0.0003990657061569835,0.0005281071623211408,10,0.019836212621340457,3.0,0.0,1.0
