dataset,family,subset,hp_name,rashomon_mean_importance,full_pool_mean_importance,rashomon_mean_rank,full_pool_mean_rank,rashomon_n_seeds,full_pool_n_seeds,rashomon_std_importance,full_pool_std_importance,delta_rashomon_minus_full,abs_delta
german,RF,all,max_features,0.48782241488446854,0.5347269484273779,2.2,1.0,10,10,0.3273316351930092,0.15544910708100623,-0.046904533542909355,0.046904533542909355
german,RF,all,max_depth,0.07636286009238251,0.11416194532499384,3.8,2.2,10,10,0.04516701669784374,0.05917020577450146,-0.03779908523261133,0.03779908523261133
