dataset,pool_type,subset,family,hp_name,mean_importance,std_importance,n_seeds,mean_V_m,mean_rank,rank_freq_top1,rank_freq_top3
compas,Rashomon,all,GBM,learning_rate,0.1511086852435413,0.12462999423485858,10,0.0012454725594118574,2.3,0.4,0.8
compas,Rashomon,all,GBM,max_depth,0.14103555924557365,0.06128101195359562,10,0.0012454725594118574,1.8,0.4,1.0
compas,Rashomon,all,GBM,n_estimators,0.12774295519687356,0.09647274328391046,10,0.0012454725594118574,2.3,0.2,0.8
compas,Rashomon,all,GBM,subsample,0.03231969799848148,0.030954836480574465,10,0.0012454725594118574,3.6,0.0,0.4
compas,full_pool,all,GBM,learning_rate,0.15643838549604966,0.0737012876366272,10,0.004819236299196504,1.5,0.6,1.0
compas,full_pool,all,GBM,max_depth,0.13153118323698137,0.08261835574521044,10,0.004819236299196504,1.8,0.3,1.0
compas,full_pool,all,GBM,n_estimators,0.05870213545952687,0.05030095745788493,10,0.004819236299196504,2.9,0.1,0.8
compas,full_pool,all,GBM,subsample,0.014993785766510583,0.01282217132048227,10,0.004819236299196504,3.8,0.0,0.2
