dataset,pool_type,subset,family,hp_name,mean_importance,std_importance,n_seeds,mean_V_m,mean_rank,rank_freq_top1,rank_freq_top3
adult,Rashomon,all,kNN,n_neighbors,0.8682881030046878,0.03979584062482689,10,0.001627530227563282,1.0,1.0,1.0
adult,Rashomon,all,kNN,weights,0.11336695248417201,0.04195923499572263,10,0.001627530227563282,2.0,0.0,1.0
adult,Rashomon,all,kNN,p,0.020820033475775584,0.018616427568199426,10,0.001627530227563282,3.0,0.0,1.0
adult,full_pool,all,kNN,n_neighbors,0.9837118728798216,0.0018849898559953739,10,0.005675655384339841,1.0,1.0,1.0
adult,full_pool,all,kNN,weights,0.006040221154315299,0.0025657263647083433,10,0.005675655384339841,2.0,0.0,1.0
adult,full_pool,all,kNN,p,0.0007654003546450092,0.0005565865568697522,10,0.005675655384339841,3.0,0.0,1.0
