dataset,pool_type,subset,family,hp_name,mean_importance,std_importance,n_seeds,mean_V_m,mean_rank,rank_freq_top1,rank_freq_top3
adult,Rashomon,all,MLP,learning_rate_init,0.5129375452398811,0.1795730107624258,10,0.0015489658167271467,1.2,0.8,1.0
adult,Rashomon,all,MLP,hidden_layer_sizes,0.15880062483867077,0.1162645597047598,10,0.0015489658167271467,2.6,0.2,0.7
adult,Rashomon,all,MLP,alpha,0.1380601178930192,0.14231817727173512,10,0.0015489658167271467,3.1,0.0,0.6
adult,Rashomon,all,MLP,activation,0.11249104003768096,0.06845615972352401,10,0.0015489658167271467,3.1,0.0,0.7
adult,full_pool,all,MLP,learning_rate_init,0.2988585930871606,0.06103893332654423,10,0.002199521184942151,1.0,1.0,1.0
adult,full_pool,all,MLP,hidden_layer_sizes,0.09038035413171115,0.039837611624829176,10,0.002199521184942151,2.3,0.0,1.0
adult,full_pool,all,MLP,alpha,0.05445953147012239,0.0454837238170139,10,0.002199521184942151,3.0,0.0,0.7
adult,full_pool,all,MLP,activation,0.030734474616484257,0.026460045847873793,10,0.002199521184942151,3.7,0.0,0.3
