dataset,pool_type,subset,family,hp_name,mean_importance,std_importance,n_seeds,mean_V_m,mean_rank,rank_freq_top1,rank_freq_top3,grouping_type,n_groups,min_group_size
compas,Rashomon,all,MLP,learning_rate_init,0.2657569121877331,0.12167345156411087,10,0.0012558569401979606,1.6,0.7,0.9,numeric_exact,3.0,3.9
compas,Rashomon,all,MLP,hidden_layer_sizes,0.18051261176785743,0.07833161076399649,10,0.0012558569401979606,2.1,0.1,1.0,categorical_exact,5.0,2.8
compas,Rashomon,all,MLP,alpha,0.15872913047394804,0.1299910961223897,10,0.0012558569401979606,2.6,0.2,0.8,numeric_exact,4.0,4.4
compas,Rashomon,all,MLP,activation,0.027777370992461185,0.028750880771958236,10,0.0012558569401979606,3.7,0.0,0.3,categorical_exact,2.0,9.1
compas,full_pool,all,MLP,learning_rate_init,0.11625479860747168,0.03274045648969976,10,0.002535694574477473,1.4,0.7,1.0,numeric_exact,3.0,14.4
compas,full_pool,all,MLP,hidden_layer_sizes,0.07141184387483837,0.0265591600528499,10,0.002535694574477473,2.2,0.2,1.0,categorical_exact,5.0,7.9
compas,full_pool,all,MLP,alpha,0.05837247379791488,0.02956736616167267,10,0.002535694574477473,2.9,0.1,0.7,numeric_exact,4.0,10.1
compas,full_pool,all,MLP,activation,0.03141058987968341,0.033315712424546104,10,0.002535694574477473,3.5,0.0,0.3,categorical_exact,2.0,22.3
