dataset,pool_type,subset,family,hp_name,mean_importance,std_importance,n_seeds,mean_V_m,mean_rank,rank_freq_top1,rank_freq_top3,grouping_type,n_groups,min_group_size
german,Rashomon,all,MLP,learning_rate_init,0.19543671938953538,0.17118456072231894,10,0.009240678451958301,2.0,0.4,0.9,numeric_exact,2.2,9.1
german,Rashomon,all,MLP,hidden_layer_sizes,0.1626797492801732,0.09001505730595259,10,0.009316574662684962,1.7,0.5,1.0,categorical_exact,5.0,3.2
german,Rashomon,all,MLP,alpha,0.09879469588763554,0.058992348528984925,10,0.009317309967438066,2.8,0.0,0.9,numeric_exact,3.9,4.0
german,Rashomon,all,MLP,activation,0.042203319044803386,0.05349376139117192,10,0.009316574662684962,3.5,0.1,0.2,categorical_exact,2.0,10.7
german,full_pool,all,MLP,learning_rate_init,0.23353889217681217,0.07677303704217918,10,0.01934405039117037,1.0,1.0,1.0,numeric_exact,3.0,14.4
german,full_pool,all,MLP,hidden_layer_sizes,0.05292023639581471,0.030610072077220465,10,0.01934405039117037,2.4,0.0,0.8,categorical_exact,5.0,7.9
german,full_pool,all,MLP,alpha,0.04638119562684359,0.047183025151537515,10,0.01934405039117037,3.3,0.0,0.6,numeric_exact,4.0,10.1
german,full_pool,all,MLP,activation,0.029152279512641155,0.023200330019419717,10,0.01934405039117037,3.3,0.0,0.6,categorical_exact,2.0,22.3
