dataset,family,subset,hp_name,rashomon_mean_importance,full_pool_mean_importance,rashomon_mean_rank,full_pool_mean_rank,rashomon_n_seeds,full_pool_n_seeds,rashomon_std_importance,full_pool_std_importance,delta_rashomon_minus_full,abs_delta
compas,RF,all,max_features,0.10290140245669162,0.03358203519450264,3.6,4.6,10,10,0.1341672878144492,0.057296557575640436,0.06931936726218899,0.06931936726218899
compas,RF,all,n_estimators,0.0428676562311092,0.03699360596498539,3.8,4.1,10,10,0.04399818352527694,0.027903772197882832,0.005874050266123809,0.005874050266123809
