dataset,family,subset,hp_name,rashomon_mean_importance,full_pool_mean_importance,rashomon_mean_rank,full_pool_mean_rank,rashomon_n_seeds,full_pool_n_seeds,rashomon_std_importance,full_pool_std_importance,delta_rashomon_minus_full,abs_delta
compas,LogReg,all,C,0.8620473464507702,0.9262915203106636,1.0,1.0,10,10,0.12080001920670062,0.03525006553114991,-0.06424417385989345,0.06424417385989345
compas,LogReg,all,l1_ratio,0.1073165185784529,0.05891133322260759,2.0,2.0,10,10,0.03945603184131447,0.01983855077368554,0.04840518535584531,0.04840518535584531
