dataset,pool_type,subset,family,hp_name,mean_importance,std_importance,n_seeds,mean_V_m,mean_rank,rank_freq_top1,rank_freq_top3
german,Rashomon,all,MLP,learning_rate_init,0.2372557916422983,0.18040558109651064,10,0.009316574662684962,1.8,0.5,0.9
german,Rashomon,all,MLP,hidden_layer_sizes,0.1626797492801732,0.09001505730595259,10,0.009316574662684962,1.8,0.4,1.0
german,Rashomon,all,MLP,alpha,0.09880000034901144,0.05898803551533265,10,0.009316574662684962,2.9,0.0,0.9
german,Rashomon,all,MLP,activation,0.042203319044803386,0.05349376139117192,10,0.009316574662684962,3.5,0.1,0.2
german,full_pool,all,MLP,learning_rate_init,0.23353889217681217,0.07677303704217918,10,0.01934405039117037,1.0,1.0,1.0
german,full_pool,all,MLP,hidden_layer_sizes,0.05292023639581471,0.030610072077220465,10,0.01934405039117037,2.4,0.0,0.8
german,full_pool,all,MLP,alpha,0.04638119562684359,0.047183025151537515,10,0.01934405039117037,3.3,0.0,0.6
german,full_pool,all,MLP,activation,0.029152279512641155,0.023200330019419717,10,0.01934405039117037,3.3,0.0,0.6
