dataset,family,pool_type,target_vm,feature_group,mean_importance,std_importance,top1_frequency,top3_frequency,mean_rank,n_reps_used
german,RF,Rashomon,V_m,hp_max_features,0.5179882128159385,0.07976596042847282,0.9166666666666666,1.0,1.0833333333333333,12
german,RF,Rashomon,V_m,validation_brier,0.25803349252272806,0.09977707086097594,0.08333333333333333,1.0,2.0833333333333335,12
german,RF,Rashomon,V_m,hp_n_estimators,0.0839923039560135,0.024576487187768663,0.0,0.5833333333333334,3.5,12
german,RF,Rashomon,V_m,hp_min_samples_leaf,0.07060298177041631,0.05040859342260079,0.0,0.4166666666666667,4.083333333333333,12
german,RF,Rashomon,V_m,hp_max_depth,0.040866716458935436,0.011828696367764957,0.0,0.0,4.916666666666667,12
german,RF,Rashomon,V_m,hp_min_samples_split,0.02851629247596817,0.007741455317674323,0.0,0.0,5.333333333333333,12
