feature_group,importance
validation_brier,0.4256395997866257
hp_n_estimators,0.2024940798739181
hp_max_depth,0.20223953801417932
hp_learning_rate,0.1372901801388536
hp_subsample,0.032336602186423265
