feature_group,importance
validation_brier,0.30834237904907336
hp_learning_rate,0.27043807407525366
hp_max_depth,0.2461423736494116
hp_n_estimators,0.1360810815137486
hp_subsample,0.038996091712512684
