feature_group,importance
hp_n_neighbors,0.9358722336968043
validation_brier,0.0505366273318584
hp_p,0.007275782365437714
hp_weights,0.006315356605899599
