feature_group,importance
hp_C,0.8146131537801047
hp_l1_ratio,0.10521787973229868
validation_brier,0.08016896648759657
