feature_group,importance
validation_brier,0.36159227969276947
hp_max_features,0.31540570394513456
hp_max_depth,0.23049585718559332
hp_min_samples_leaf,0.04198999309578422
hp_min_samples_split,0.030264670480177742
hp_n_estimators,0.020251495600540653
