feature_group,importance
validation_brier,0.8202130357036866
hp_n_estimators,0.06070336835142195
hp_learning_rate,0.058255706002050434
hp_max_depth,0.04536182352574619
hp_subsample,0.015466066417094854
