feature,grid_value,predicted_V_m,n_background_rows
hp_n_estimators,100.0,0.002790149404872947,100
hp_n_estimators,200.0,0.002112145686618542,100
hp_n_estimators,500.0,0.001976468067847882,100
