feature_group,importance
hp_max_features,0.49869289323482124
hp_max_depth,0.30656669682796406
validation_brier,0.07800427400894916
hp_min_samples_leaf,0.04977224034080534
hp_n_estimators,0.03734243095958046
hp_min_samples_split,0.02962146462787979
