dataset,family,pool_type,target_vm,feature_group,mean_importance,std_importance,top1_frequency,top3_frequency,mean_rank,n_reps_used
german,kNN,full_pool,V_m_HH,hp_n_neighbors,0.6893632086245707,0.18388882411937385,0.8333333333333334,1.0,1.1666666666666667,12
german,kNN,full_pool,V_m_HH,validation_brier,0.28298143321982416,0.18492527074581622,0.16666666666666666,1.0,1.8333333333333333,12
german,kNN,full_pool,V_m_HH,hp_p,0.0208999068131079,0.007151536305910563,0.0,1.0,3.0,12
german,kNN,full_pool,V_m_HH,hp_weights,0.006755451342497298,0.0025024790941302476,0.0,0.0,4.0,12
