feature_group,importance
validation_brier,0.695803438875322
hp_max_features,0.20156758197071625
hp_min_samples_leaf,0.041097127208022
hp_max_depth,0.03641863988651351
hp_min_samples_split,0.01910856536291606
hp_n_estimators,0.006004646696510161
