feature_group,importance
validation_brier,0.9957449183789053
hp_C,0.002157079167861503
hp_l1_ratio,0.0020980024532332646
