feature_group,importance
validation_brier,0.35958316856921674
hp_max_features,0.32107126031125044
hp_max_depth,0.2263188668576052
hp_min_samples_leaf,0.041044310412817406
hp_min_samples_split,0.03171921964320861
hp_n_estimators,0.020263174205901527
