feature_group,importance
hp_n_neighbors,0.9429144424428828
validation_brier,0.044831240925396074
hp_p,0.006276076972207433
hp_weights,0.005978239659513765
