feature_group,importance
validation_brier,0.5858031450384057
hp_learning_rate,0.2587471929113888
hp_n_estimators,0.07569889572952049
hp_max_depth,0.0513430483349024
hp_subsample,0.02840771798578258
