feature_group,importance
hp_n_neighbors,0.9001965829601667
hp_weights,0.07218755367972834
validation_brier,0.016491007281699242
hp_p,0.011124856078405609
