feature_group,importance
hp_max_features,0.4462149988281109
validation_brier,0.3806009123009485
hp_min_samples_leaf,0.06843050406054109
hp_min_samples_split,0.05175650563019648
hp_max_depth,0.027168927385171984
hp_n_estimators,0.025828151795031083
