dataset,family,pool_type,target_vm,feature_group,mean_importance,std_importance,top1_frequency,top3_frequency,mean_rank,n_reps_used
compas,RF,Rashomon,V_m,validation_brier,0.41883610393739357,0.13449542777069212,0.75,1.0,1.4166666666666667,12
compas,RF,Rashomon,V_m,hp_max_features,0.2839470887017102,0.11365029074809602,0.16666666666666666,1.0,2.0833333333333335,12
compas,RF,Rashomon,V_m,hp_max_depth,0.21373003707974295,0.06381771986149033,0.08333333333333333,1.0,2.5,12
compas,RF,Rashomon,V_m,hp_min_samples_leaf,0.03671392066880146,0.012809734203015307,0.0,0.0,4.166666666666667,12
compas,RF,Rashomon,V_m,hp_min_samples_split,0.03073179144378367,0.014537865990433068,0.0,0.0,5.0,12
compas,RF,Rashomon,V_m,hp_n_estimators,0.01604105816856818,0.006137318013555294,0.0,0.0,5.833333333333333,12
