feature_group,importance
validation_brier,0.5339504553958898
hp_max_depth,0.31997261601012617
hp_max_features,0.0608233428460305
hp_min_samples_split,0.060336670219612296
hp_min_samples_leaf,0.018882492181922707
hp_n_estimators,0.006034423346418442
