feature,grid_value,predicted_V_m,n_background_rows
hp_n_estimators,100.0,0.001365026394892754,100
hp_n_estimators,200.0,0.0012049840800267338,100
hp_n_estimators,500.0,0.0012308837014062578,100
