feature_group,importance
validation_brier,0.9185489002784918
hp_max_depth,0.02986561566599597
hp_learning_rate,0.02801025142176691
hp_n_estimators,0.021649041599547423
hp_subsample,0.0019261910341979494
