feature_group,importance
validation_brier,0.38902104120847264
hp_learning_rate,0.24552282735113817
hp_max_depth,0.19332875230380692
hp_n_estimators,0.13282773862845623
hp_subsample,0.039299640508126094
