feature_group,importance
validation_brier,0.5665717946130132
hp_max_features,0.2475765781823437
hp_min_samples_leaf,0.0784534995021364
hp_max_depth,0.05414474502098002
hp_min_samples_split,0.04414645795544899
hp_n_estimators,0.00910692472607776
