feature_group,importance
hp_max_features,0.5180632024727836
validation_brier,0.2406113211455651
hp_n_estimators,0.09134521346704737
hp_min_samples_leaf,0.0800253442328021
hp_max_depth,0.03614482436352667
hp_min_samples_split,0.033810094318275176
