feature_group,importance
hp_max_features,0.37986650334444655
hp_max_depth,0.33783171217358027
validation_brier,0.14934929096672128
hp_min_samples_leaf,0.07309059223696372
hp_min_samples_split,0.030014223933899135
hp_n_estimators,0.029847677344388993
