feature,grid_value,predicted_V_m,n_background_rows
hp_n_estimators,100.0,0.005169779980432261,100
hp_n_estimators,200.0,0.004061288429019322,100
hp_n_estimators,500.0,0.004138724159430634,100
