feature_group,importance
validation_brier,0.5002778325899473
hp_learning_rate,0.16665018468687867
hp_max_depth,0.13427189468987727
hp_n_estimators,0.1171700482313951
hp_subsample,0.0816300398019016
