dataset,family,pool_type,target_vm,feature_group,mean_importance,std_importance,top1_frequency,top3_frequency,mean_rank,n_reps_used
german,RF,full_pool,V_m_nonHH,hp_max_features,0.4927343607214068,0.08292909413895154,1.0,1.0,1.0,12
german,RF,full_pool,V_m_nonHH,hp_max_depth,0.2888566495005851,0.042464621504979545,0.0,1.0,2.0833333333333335,12
german,RF,full_pool,V_m_nonHH,validation_brier,0.10339675897621069,0.0540546701925189,0.0,1.0,2.9166666666666665,12
german,RF,full_pool,V_m_nonHH,hp_min_samples_leaf,0.04861453177394292,0.01698003257193917,0.0,0.0,4.416666666666667,12
german,RF,full_pool,V_m_nonHH,hp_n_estimators,0.03793007535307788,0.004661171101405936,0.0,0.0,4.666666666666667,12
german,RF,full_pool,V_m_nonHH,hp_min_samples_split,0.02846762367477662,0.005085859919190547,0.0,0.0,5.916666666666667,12
