feature_group,importance
validation_brier,0.5607591966014437
hp_max_depth,0.3208479915588344
hp_min_samples_split,0.05070792145707282
hp_max_features,0.041608650708564676
hp_min_samples_leaf,0.020411204297198633
hp_n_estimators,0.005665035376885687
