feature,grid_value,predicted_V_m,n_background_rows
hp_p,1.0,0.005460806329273119,100
hp_p,2.0,0.0059531836707457965,100
