feature_group,importance
validation_brier,0.2840844281749521
hp_learning_rate_init,0.2658215138013252
hp_hidden_layer_sizes,0.23356039257481584
hp_alpha,0.1263897707178913
hp_activation,0.09014389473101564
