feature_group,importance
validation_brier,0.401397298552837
hp_max_features,0.2881718852742059
hp_max_depth,0.21527921032233494
hp_min_samples_leaf,0.04143907451992651
hp_min_samples_split,0.030134176950825427
hp_n_estimators,0.023578354379870332
