feature_group,importance
hp_learning_rate_init,0.47750096314712265
validation_brier,0.28667016806923573
hp_hidden_layer_sizes,0.11601496380690048
hp_activation,0.0631786875323725
hp_alpha,0.0566352174443686
