feature_group,importance
hp_C,0.7449270020878745
validation_brier,0.2283027840882011
hp_l1_ratio,0.026770213823924402
