feature,grid_value,predicted_V_m,n_background_rows
hp_l1_ratio,0.0,0.016443148084883903,100
hp_l1_ratio,0.25,0.016569206611607774,100
hp_l1_ratio,0.5,0.016857358606038732,100
hp_l1_ratio,0.75,0.017045313288932974,100
hp_l1_ratio,1.0,0.017192606656638396,100
