feature_group,importance
hp_C,0.8997907677284159
hp_l1_ratio,0.05388332923938072
validation_brier,0.046325903032203436
