feature_group,importance
validation_brier,0.43251184868320225
hp_n_estimators,0.19667234783581702
hp_max_depth,0.17897448245439718
hp_learning_rate,0.15057916517225486
hp_subsample,0.04126215585432863
