feature_1,feature_2,grid_value_1,grid_value_2,predicted_V_m,n_background_rows
hp_n_neighbors,hp_p,3.0,1.0,0.04173724587259016,100
hp_n_neighbors,hp_p,3.0,2.0,0.04248094278211182,100
hp_n_neighbors,hp_p,5.0,1.0,0.01998094773118431,100
hp_n_neighbors,hp_p,5.0,2.0,0.019202562929020863,100
hp_n_neighbors,hp_p,7.0,1.0,0.012517488066745748,100
hp_n_neighbors,hp_p,7.0,2.0,0.01235516186070987,100
hp_n_neighbors,hp_p,15.0,1.0,0.005038673072297023,100
hp_n_neighbors,hp_p,15.0,2.0,0.0050889586443265975,100
hp_n_neighbors,hp_p,20.0,1.0,0.004134756214668526,100
hp_n_neighbors,hp_p,20.0,2.0,0.004349935262738147,100
hp_n_neighbors,hp_p,30.0,1.0,0.003664985181047353,100
hp_n_neighbors,hp_p,30.0,2.0,0.004116917476525481,100
hp_n_neighbors,hp_p,50.0,1.0,0.003948889362493626,100
hp_n_neighbors,hp_p,50.0,2.0,0.00424814531451999,100
hp_n_neighbors,hp_p,90.0,1.0,0.005102715539682116,100
hp_n_neighbors,hp_p,90.0,2.0,0.005731042244683098,100
hp_n_neighbors,hp_p,100.0,1.0,0.00530231340671672,100
hp_n_neighbors,hp_p,100.0,2.0,0.005974833261367541,100
hp_n_neighbors,hp_p,150.0,1.0,0.0064121977909424735,100
hp_n_neighbors,hp_p,150.0,2.0,0.007360452852274263,100
