feature_group,importance
hp_C,0.891078286349614
hp_l1_ratio,0.06513364332011821
validation_brier,0.04378807033026783
