feature_group,importance
hp_n_neighbors,0.753322434555511
validation_brier,0.22114851937969934
hp_p,0.015024387146030434
hp_weights,0.010504658918759128
