feature_group,importance
validation_brier,0.6960472767189979
hp_max_features,0.20156227783174144
hp_min_samples_leaf,0.04037921986717943
hp_max_depth,0.03714109056854021
hp_min_samples_split,0.01874235964022543
hp_n_estimators,0.006127775373315649
