dataset,family,pool_type,target_vm,feature_group,mean_importance,std_importance,freq_top1,freq_top3,mean_rank,n_reps_used
compas,GBM,Rashomon,V_m_HH,validation_brier,0.5353730097930814,0.07980092890220654,1.0,1.0,1.0,12
compas,GBM,Rashomon,V_m_HH,hp_max_depth,0.19693825642185667,0.05718309087827078,0.0,1.0,2.0833333333333335,12
compas,GBM,Rashomon,V_m_HH,hp_learning_rate,0.1402069773726381,0.021294416203754735,0.0,1.0,2.9166666666666665,12
compas,GBM,Rashomon,V_m_HH,hp_n_estimators,0.08473336625752427,0.0323407950043208,0.0,0.0,4.083333333333333,12
compas,GBM,Rashomon,V_m_HH,hp_subsample,0.04274839015489954,0.011849277219792348,0.0,0.0,4.916666666666667,12
