feature_group,importance
hp_C,0.819811577729655
hp_l1_ratio,0.10581304664385366
validation_brier,0.07437537562649145
