feature,grid_value,predicted_V_m,n_background_rows
hp_n_neighbors,15.0,0.004177786090040914,100
hp_n_neighbors,20.0,0.002962844803285668,100
hp_n_neighbors,25.0,0.002223736893227639,100
hp_n_neighbors,30.0,0.0017502019520515258,100
hp_n_neighbors,50.0,0.001142688063722535,100
hp_n_neighbors,70.0,0.0011227392249000374,100
hp_n_neighbors,90.0,0.0012491513816073204,100
hp_n_neighbors,100.0,0.0013350811261311256,100
hp_n_neighbors,150.0,0.0018468815279593473,100
