feature_group,importance
validation_brier,0.9519842045265258
hp_l1_ratio,0.025350362246998603
hp_C,0.022665433226475542
