feature_group,importance
validation_brier,0.30657196548415727
hp_learning_rate,0.27004136387825095
hp_max_depth,0.2520450261356576
hp_n_estimators,0.13362811685967177
hp_subsample,0.03771352764226237
