feature,grid_value,predicted_V_m,n_background_rows
hp_max_depth,2.0,0.015138153401965039,100
hp_max_depth,3.0,0.01458958237666158,100
hp_max_depth,4.0,0.015211482373860101,100
hp_max_depth,5.0,0.01654263384910881,100
