feature_1,feature_2,grid_value_1,grid_value_2,predicted_V_m,n_background_rows
hp_n_estimators,hp_max_depth,100.0,2.0,0.001575916520344709,100
hp_n_estimators,hp_max_depth,100.0,3.0,0.0013650441407582175,100
hp_n_estimators,hp_max_depth,100.0,4.0,0.001413001661327182,100
hp_n_estimators,hp_max_depth,100.0,5.0,0.0016337683523012145,100
hp_n_estimators,hp_max_depth,200.0,2.0,0.0016109964029478352,100
hp_n_estimators,hp_max_depth,200.0,3.0,0.0012633223833819712,100
hp_n_estimators,hp_max_depth,200.0,4.0,0.0012264502861184918,100
hp_n_estimators,hp_max_depth,200.0,5.0,0.001371676853798921,100
hp_n_estimators,hp_max_depth,500.0,2.0,0.0015093933015590682,100
hp_n_estimators,hp_max_depth,500.0,3.0,0.001131727793448433,100
hp_n_estimators,hp_max_depth,500.0,4.0,0.0011444378066209906,100
hp_n_estimators,hp_max_depth,500.0,5.0,0.0013499359808600443,100
