feature,grid_value,predicted_V_m,n_background_rows
hp_learning_rate,0.01,0.019412269656541074,100
hp_learning_rate,0.05,0.01154280040570832,100
hp_learning_rate,0.1,0.01285674630870663,100
hp_learning_rate,0.2,0.019313064211596707,100
