feature_group,importance
hp_max_features,0.5175128469667062
validation_brier,0.24190638519575136
hp_n_estimators,0.09074197672096078
hp_min_samples_leaf,0.07978865722288533
hp_max_depth,0.03593020970253552
hp_min_samples_split,0.03411992419116088
