feature_group,importance
validation_brier,0.8657301220616893
hp_learning_rate,0.05373461705655872
hp_max_depth,0.04543178616930247
hp_n_estimators,0.032400807542638535
hp_subsample,0.00270266716981104
