feature,grid_value,predicted_V_m,n_background_rows
hp_max_depth,5.0,0.011715265559236725,100
hp_max_depth,10.0,0.0049661681354995196,100
hp_max_depth,20.0,0.0047717128531853245,100
hp_max_depth,40.0,0.004804806990568131,100
