dataset,family,pool_type,target_vm,feature_group,mean_importance,std_importance,freq_top1,freq_top3,mean_rank,n_reps_used
compas,MLP,full_pool,V_m_HH,validation_brier,0.816133618313514,0.1054192993218154,1.0,1.0,1.0,12
compas,MLP,full_pool,V_m_HH,hp_hidden_layer_sizes,0.07504565786451577,0.044783788902227395,0.0,1.0,2.25,12
compas,MLP,full_pool,V_m_HH,hp_learning_rate_init,0.04425776298878747,0.032292119533107407,0.0,0.5833333333333334,3.4166666666666665,12
compas,MLP,full_pool,V_m_HH,hp_alpha,0.043306058857191826,0.03031774914768271,0.0,0.3333333333333333,3.6666666666666665,12
compas,MLP,full_pool,V_m_HH,hp_activation,0.021256901975990797,0.011456663342215664,0.0,0.08333333333333333,4.666666666666667,12
