feature,grid_value,predicted_V_m,n_background_rows
hp_l1_ratio,0.0,0.011601713795167673,100
hp_l1_ratio,0.25,0.011588415038749501,100
hp_l1_ratio,0.5,0.011705349046288348,100
hp_l1_ratio,0.75,0.011736280573629205,100
hp_l1_ratio,1.0,0.01170477181524298,100
