feature_group,importance
hp_n_neighbors,0.9852588033979098
validation_brier,0.011018296540863996
hp_p,0.002036421047380955
hp_weights,0.0016864790138452785
