feature,grid_value,predicted_V_m,n_background_rows
hp_p,1.0,0.009501792933043129,100
hp_p,2.0,0.009813546748717638,100
