feature_group,importance
hp_n_neighbors,0.9424178190111342
validation_brier,0.045635933660265415
hp_p,0.006092550757479541
hp_weights,0.0058536965711209685
