dataset,family,pool_type,target_vm,feature_group,mean_importance,std_importance,freq_top1,freq_top3,mean_rank,n_reps_used
adult,GBM,Rashomon,V_m,validation_brier,0.36094663059315146,0.11365501016499747,0.6666666666666666,1.0,1.3333333333333333,12
adult,GBM,Rashomon,V_m,hp_learning_rate,0.24925282694293824,0.05805908857397468,0.3333333333333333,1.0,1.75,12
adult,GBM,Rashomon,V_m,hp_max_depth,0.21132210592370762,0.04965394046372925,0.0,0.9166666666666666,3.0,12
adult,GBM,Rashomon,V_m,hp_n_estimators,0.13581022847819932,0.022199946814606464,0.0,0.08333333333333333,3.9166666666666665,12
adult,GBM,Rashomon,V_m,hp_subsample,0.04266820806200341,0.009600157372275006,0.0,0.0,5.0,12
