feature_group,importance
hp_n_neighbors,0.9851896668507761
validation_brier,0.011105204453916188
hp_p,0.0020188912249786656
hp_weights,0.0016862374703290883
