feature_group,importance
hp_n_neighbors,0.5995340866580563
hp_weights,0.33327546215027426
validation_brier,0.06524658185719479
hp_p,0.0019438693344747534
