feature_group,importance
hp_n_neighbors,0.8765889587374427
validation_brier,0.11640037584450873
hp_weights,0.003951843996518216
hp_p,0.003058821421530392
