feature_1,feature_2,grid_value_1,grid_value_2,predicted_V_m,n_background_rows
hp_learning_rate,hp_max_depth,0.01,2.0,0.0030068766007941674,100
hp_learning_rate,hp_max_depth,0.01,3.0,0.002860320321490384,100
hp_learning_rate,hp_max_depth,0.01,4.0,0.0028469060539696774,100
hp_learning_rate,hp_max_depth,0.01,5.0,0.0030039923214749942,100
hp_learning_rate,hp_max_depth,0.05,2.0,0.0030228862809331936,100
hp_learning_rate,hp_max_depth,0.05,3.0,0.0028798547463069948,100
hp_learning_rate,hp_max_depth,0.05,4.0,0.0030382081134494743,100
hp_learning_rate,hp_max_depth,0.05,5.0,0.003341020794921282,100
hp_learning_rate,hp_max_depth,0.1,2.0,0.0032150526023934623,100
hp_learning_rate,hp_max_depth,0.1,3.0,0.003323901146590531,100
hp_learning_rate,hp_max_depth,0.1,4.0,0.0038718157484637374,100
hp_learning_rate,hp_max_depth,0.1,5.0,0.004966724948368576,100
hp_learning_rate,hp_max_depth,0.2,2.0,0.004992934590592784,100
hp_learning_rate,hp_max_depth,0.2,3.0,0.005781402773846736,100
hp_learning_rate,hp_max_depth,0.2,4.0,0.007686843495233464,100
hp_learning_rate,hp_max_depth,0.2,5.0,0.008585148923383133,100
