feature,grid_value,predicted_V_m,n_background_rows
hp_l1_ratio,0.0,0.0018269392726770594,100
hp_l1_ratio,0.25,0.0020660844409149887,100
hp_l1_ratio,0.5,0.002346363856443391,100
hp_l1_ratio,0.75,0.0026573693161801486,100
hp_l1_ratio,1.0,0.003006319265298976,100
