feature_group,importance
hp_n_neighbors,0.7720472401322588
validation_brier,0.21201574126641326
hp_weights,0.014816794923590029
hp_p,0.0011202236777378613
