feature_group,importance
hp_C,0.8823595203399884
hp_l1_ratio,0.08181498945166604
validation_brier,0.03582549020834557
