feature_group,importance
validation_brier,0.8356769945255655
hp_learning_rate_init,0.0639413484036091
hp_hidden_layer_sizes,0.048275231328599136
hp_alpha,0.03159377409236531
hp_activation,0.020512651649860957
