feature_group,importance
hp_max_features,0.5230756929778794
validation_brier,0.23774574379605917
hp_n_estimators,0.0921558130412712
hp_min_samples_leaf,0.08073782645688277
hp_max_depth,0.034753230171258837
hp_min_samples_split,0.03153169355664867
