feature_group,importance
validation_brier,0.6309331562418046
hp_n_neighbors,0.2590592852298295
hp_weights,0.0915008822055611
hp_p,0.01850667632280486
