feature_group,importance
validation_brier,0.6968305059086564
hp_learning_rate,0.14050854564568938
hp_max_depth,0.07253788408155687
hp_n_estimators,0.07221182723911705
hp_subsample,0.01791123712498037
