dataset,family,pool_type,target_vm,feature_group,mean_importance,std_importance,top1_frequency,top3_frequency,mean_rank,n_reps_used
compas,MLP,Rashomon,V_m_nonHH,validation_brier,0.31943244549003563,0.07841562904193923,0.5833333333333334,1.0,1.5833333333333333,12
compas,MLP,Rashomon,V_m_nonHH,hp_learning_rate_init,0.2561746333679133,0.05903677961171283,0.4166666666666667,0.9166666666666666,2.0,12
compas,MLP,Rashomon,V_m_nonHH,hp_hidden_layer_sizes,0.22333293257728246,0.038304666994030886,0.0,0.9166666666666666,2.6666666666666665,12
compas,MLP,Rashomon,V_m_nonHH,hp_alpha,0.12220940035637391,0.033534661729746326,0.0,0.16666666666666666,3.8333333333333335,12
compas,MLP,Rashomon,V_m_nonHH,hp_activation,0.07885058820839466,0.017300320285731054,0.0,0.0,4.916666666666667,12
