dataset,family,pool_type,target_vm,feature_group,mean_importance,std_importance,top1_frequency,top3_frequency,mean_rank,n_reps_used
compas,MLP,Rashomon,V_m_HH,validation_brier,0.4191456017309836,0.06705318298542774,1.0,1.0,1.0,12
compas,MLP,Rashomon,V_m_HH,hp_hidden_layer_sizes,0.22858364190080552,0.0481214113533989,0.0,1.0,2.0833333333333335,12
compas,MLP,Rashomon,V_m_HH,hp_learning_rate_init,0.1640990781878205,0.03562787558063007,0.0,0.9166666666666666,3.0,12
compas,MLP,Rashomon,V_m_HH,hp_alpha,0.108817707629478,0.015428461686098582,0.0,0.08333333333333333,4.166666666666667,12
compas,MLP,Rashomon,V_m_HH,hp_activation,0.07935397055091246,0.019827222936600337,0.0,0.0,4.75,12
