feature_group,importance
hp_n_neighbors,0.8748184952514092
hp_weights,0.0663135944901539
hp_p,0.030896556033485463
validation_brier,0.02797135422495134
