feature_group,importance
hp_n_neighbors,0.5493711481121454
hp_p,0.27290423676905523
validation_brier,0.14297027720192929
hp_weights,0.0347543379168702
