feature_group,importance
validation_brier,0.982711639554871
hp_C,0.01399103547129559
hp_l1_ratio,0.0032973249738335623
