feature,grid_value,predicted_V_m,n_background_rows
hp_n_neighbors,3.0,0.03388316775505791,100
hp_n_neighbors,5.0,0.021212755931281944,100
hp_n_neighbors,7.0,0.018780108219084254,100
hp_n_neighbors,10.0,0.016825001834267776,100
hp_n_neighbors,15.0,0.016548420524895455,100
hp_n_neighbors,20.0,0.016769749942308298,100
hp_n_neighbors,25.0,0.017113619708588233,100
hp_n_neighbors,30.0,0.017345872951016802,100
hp_n_neighbors,50.0,0.018083140921727643,100
hp_n_neighbors,70.0,0.0187514037616841,100
hp_n_neighbors,90.0,0.019120597927835083,100
hp_n_neighbors,100.0,0.019284833158338434,100
hp_n_neighbors,150.0,0.019981796467641734,100
