feature_group,importance
validation_brier,0.8667639974168586
hp_learning_rate,0.053799068026841305
hp_max_depth,0.045067552312965053
hp_n_estimators,0.031764265316971345
hp_subsample,0.002605116926363833
