feature_group,importance
validation_brier,0.8599565054677342
hp_C,0.12125216204926963
hp_l1_ratio,0.018791332482996227
