feature_group,importance
hp_max_features,0.5079820099673938
hp_max_depth,0.2941982935440177
validation_brier,0.07766784974029928
hp_min_samples_leaf,0.05110698425639542
hp_n_estimators,0.03907741917457782
hp_min_samples_split,0.029967443317315864
