feature_group,importance
hp_max_features,0.35373652590963495
validation_brier,0.3300059304637518
hp_max_depth,0.22818484748619638
hp_min_samples_leaf,0.045954138581109465
hp_min_samples_split,0.027937661813162623
hp_n_estimators,0.014180895746144636
