feature_group,importance
validation_brier,0.9945191406167514
hp_l1_ratio,0.003255780421671991
hp_C,0.0022250789615766
