feature_group,importance
validation_brier,0.8570268119428336
hp_n_neighbors,0.13804320337810413
hp_weights,0.002995088307367228
hp_p,0.0019348963716951375
