feature_group,importance
hp_n_neighbors,0.8745134534657478
hp_weights,0.06609154573749565
hp_p,0.0308659097748873
validation_brier,0.028529091021869193
