feature_group,importance
validation_brier,0.4780865792470171
hp_learning_rate,0.17196956481259137
hp_max_depth,0.13916527217179095
hp_n_estimators,0.12945609551921566
hp_subsample,0.08132248824938496
