feature_group,importance
validation_brier,0.6902362820961396
hp_learning_rate,0.14815075419716242
hp_n_estimators,0.07316149588351957
hp_max_depth,0.07116777091588114
hp_subsample,0.017283696907297398
