feature_group,importance
hp_max_features,0.4043523067298134
validation_brier,0.35642664864111895
hp_min_samples_leaf,0.13042696716112573
hp_min_samples_split,0.042558255566262866
hp_n_estimators,0.041000868346003395
hp_max_depth,0.025234953555675704
