feature_group,importance
validation_brier,0.4251035784019292
hp_n_estimators,0.19885999794057854
hp_max_depth,0.19256570700627584
hp_learning_rate,0.1496509709979543
hp_subsample,0.03381974565326218
