feature_group,importance
hp_n_neighbors,0.5874340730282331
hp_weights,0.3531128280273608
validation_brier,0.05749358016830585
hp_p,0.001959518776100194
