feature_group,importance
validation_brier,0.8147013646019449
hp_n_estimators,0.061483392009046435
hp_learning_rate,0.06118170714203794
hp_max_depth,0.046244041281030865
hp_subsample,0.0163894949659398
