feature_group,importance
validation_brier,0.8046331778920852
hp_max_depth,0.09995771009395733
hp_subsample,0.047221205126578625
hp_learning_rate,0.03306476331737504
hp_n_estimators,0.015123143570003883
