dataset,family,pool_type,target_vm,feature_group,mean_importance,std_importance,top1_frequency,top3_frequency,mean_rank,n_reps_used
adult,GBM,full_pool,V_m,validation_brier,0.8731931710074375,0.01082087768034382,1.0,1.0,1.0,12
adult,GBM,full_pool,V_m,hp_learning_rate,0.05506568861039706,0.00862285877799468,0.0,1.0,2.0833333333333335,12
adult,GBM,full_pool,V_m,hp_max_depth,0.0401310049059445,0.006234652979079682,0.0,0.9166666666666666,3.0,12
adult,GBM,full_pool,V_m,hp_n_estimators,0.028809185593037908,0.006456178881141347,0.0,0.08333333333333333,3.9166666666666665,12
adult,GBM,full_pool,V_m,hp_subsample,0.0028009498831829418,0.0006282552901832118,0.0,0.0,5.0,12
