feature_group,importance
validation_brier,0.5662978559280434
hp_max_depth,0.31559390666133647
hp_min_samples_split,0.04887576234119904
hp_max_features,0.042555737832178676
hp_min_samples_leaf,0.020686886839891047
hp_n_estimators,0.005989850397351502
