feature_group,importance
hp_n_neighbors,0.5879518066405756
hp_weights,0.3537478400416866
validation_brier,0.056427942001044507
hp_p,0.0018724113166933834
