feature_group,importance
hp_C,0.9017598574364788
hp_l1_ratio,0.053255447438744455
validation_brier,0.04498469512477674
