feature_group,importance
hp_n_neighbors,0.7347950156518192
validation_brier,0.25030424444705335
hp_weights,0.014381977528397673
hp_p,0.0005187623727298165
