dataset,family,pool_type,target_vm,feature_group,mean_importance,std_importance,top1_frequency,top3_frequency,mean_rank,n_reps_used
adult,kNN,Rashomon,V_m_nonHH,hp_n_neighbors,0.8973074336405361,0.00640883802085134,1.0,1.0,1.0,12
adult,kNN,Rashomon,V_m_nonHH,hp_weights,0.07019573444189475,0.005615322312342653,0.0,1.0,2.0,12
adult,kNN,Rashomon,V_m_nonHH,validation_brier,0.022383321678782212,0.00923988170911651,0.0,0.9166666666666666,3.0833333333333335,12
adult,kNN,Rashomon,V_m_nonHH,hp_p,0.010113510238787088,0.002395307655840484,0.0,0.08333333333333333,3.9166666666666665,12
