feature_group,importance
validation_brier,0.3005679368464741
hp_learning_rate,0.2656608833698794
hp_max_depth,0.260155270955616
hp_n_estimators,0.13460552528560155
hp_subsample,0.03901038354242896
