feature_group,importance
hp_C,0.8825047108695423
hp_l1_ratio,0.08227126048670767
validation_brier,0.03522402864375009
