feature_group,importance
hp_max_features,0.4433066191995643
validation_brier,0.3799868966954309
hp_min_samples_leaf,0.07120450662033101
hp_min_samples_split,0.05143726287191385
hp_max_depth,0.02739234426805145
hp_n_estimators,0.026672370344708523
