feature_group,importance
validation_brier,0.69329573164816
hp_learning_rate,0.14773292969772633
hp_max_depth,0.07098024756763864
hp_n_estimators,0.07085426788294365
hp_subsample,0.017136823203531194
