feature_group,importance
validation_brier,0.5240988700928622
hp_max_depth,0.2180060404814653
hp_learning_rate,0.12058162417996512
hp_n_estimators,0.09340878217186277
hp_subsample,0.0439046830738446
