dataset,family,pool_type,target_vm,feature_group,mean_importance,std_importance,top1_frequency,top3_frequency,mean_rank,n_reps_used
compas,RF,full_pool,V_m,validation_brier,0.5749958123595345,0.08361711726600646,1.0,1.0,1.0,12
compas,RF,full_pool,V_m,hp_max_depth,0.3222287752186364,0.04545408002575713,0.0,1.0,2.0,12
compas,RF,full_pool,V_m,hp_min_samples_split,0.04401778027693596,0.03354899915792596,0.0,0.6666666666666666,3.9166666666666665,12
compas,RF,full_pool,V_m,hp_max_features,0.033789088320004636,0.009281007639826342,0.0,0.3333333333333333,3.9166666666666665,12
compas,RF,full_pool,V_m,hp_min_samples_leaf,0.020616180690538593,0.01089004094286589,0.0,0.0,4.416666666666667,12
compas,RF,full_pool,V_m,hp_n_estimators,0.0043523631343499345,0.0014030391463163887,0.0,0.0,5.75,12
