feature_group,importance
hp_max_features,0.42070329406971885
validation_brier,0.38669513951433626
hp_min_samples_leaf,0.09353822440865822
hp_min_samples_split,0.041225845606514086
hp_max_depth,0.03308367286372858
hp_n_estimators,0.024753823537043966
