feature_group,importance
validation_brier,0.8596041719731173
hp_C,0.12167518907969051
hp_l1_ratio,0.018720638947192232
