feature,grid_value,predicted_V_m,n_background_rows
hp_n_neighbors,3.0,0.02915030559598331,100
hp_n_neighbors,5.0,0.019307133566046325,100
hp_n_neighbors,7.0,0.010983024889198978,100
hp_n_neighbors,10.0,0.006434018640410607,100
hp_n_neighbors,15.0,0.004064081013293022,100
hp_n_neighbors,20.0,0.0029669441946413733,100
hp_n_neighbors,25.0,0.0026939498533208217,100
hp_n_neighbors,30.0,0.002943492819115828,100
hp_n_neighbors,50.0,0.004136496819919829,100
hp_n_neighbors,70.0,0.004769619246806492,100
hp_n_neighbors,90.0,0.004873323357565362,100
hp_n_neighbors,100.0,0.004874274570265221,100
