feature,grid_value,predicted_V_m,n_background_rows
hp_max_depth,2.0,0.00408893392837598,100
hp_max_depth,3.0,0.004235988045034733,100
hp_max_depth,4.0,0.0048394061358205225,100
hp_max_depth,5.0,0.0054134882112866125,100
