feature_group,importance
hp_max_features,0.5406096894265081
validation_brier,0.3177013689427138
hp_n_estimators,0.06911090475167915
hp_max_depth,0.025840750523754192
hp_min_samples_leaf,0.0250836817755439
hp_min_samples_split,0.02165360457980095
