feature_group,importance
validation_brier,0.9285960128146544
hp_C,0.05713891919861676
hp_l1_ratio,0.014265067986728936
