feature,grid_value,predicted_V_m,n_background_rows
hp_l1_ratio,0.0,0.006443996513833368,100
hp_l1_ratio,0.25,0.006563590463750114,100
hp_l1_ratio,0.5,0.0067082764592089296,100
hp_l1_ratio,0.75,0.006663695985742077,100
hp_l1_ratio,1.0,0.006531101662779323,100
