feature_group,importance
hp_n_neighbors,0.9847221083235654
validation_brier,0.011507324122930266
hp_p,0.0020893210642465485
hp_weights,0.0016812464892576075
