dataset,family,pool_type,target_vm,feature_group,mean_importance,std_importance,freq_top1,freq_top3,mean_rank,n_reps_used
german,kNN,Rashomon,V_m_HH,hp_n_neighbors,0.8966764462646651,0.03235202468317187,1.0,1.0,1.0,12
german,kNN,Rashomon,V_m_HH,validation_brier,0.09082764163365704,0.032621093018362156,0.0,1.0,2.0,12
german,kNN,Rashomon,V_m_HH,hp_p,0.006436457946265804,0.004120086510108658,0.0,0.4166666666666667,3.5833333333333335,12
german,kNN,Rashomon,V_m_HH,hp_weights,0.00605945415541186,0.0031690936483396177,0.0,0.5833333333333334,3.4166666666666665,12
