feature_group,importance
validation_brier,0.5650322422751836
hp_max_depth,0.31739289809593824
hp_min_samples_split,0.049489346916425335
hp_max_features,0.041805732402060716
hp_min_samples_leaf,0.020517971230598012
hp_n_estimators,0.005761809079794203
