feature_1,feature_2,grid_value_1,grid_value_2,predicted_V_m,n_background_rows
hp_learning_rate,hp_max_depth,0.01,2.0,0.0008537054539059729,100
hp_learning_rate,hp_max_depth,0.01,3.0,0.0008461533425807425,100
hp_learning_rate,hp_max_depth,0.01,4.0,0.0008726387729822351,100
hp_learning_rate,hp_max_depth,0.01,5.0,0.001271542598349094,100
hp_learning_rate,hp_max_depth,0.05,2.0,0.000789144375524188,100
hp_learning_rate,hp_max_depth,0.05,3.0,0.0007815922641989576,100
hp_learning_rate,hp_max_depth,0.05,4.0,0.0008122415129379097,100
hp_learning_rate,hp_max_depth,0.05,5.0,0.0012177330412530714,100
hp_learning_rate,hp_max_depth,0.1,2.0,0.0010351309458175326,100
hp_learning_rate,hp_max_depth,0.1,3.0,0.0010427863933800618,100
hp_learning_rate,hp_max_depth,0.1,4.0,0.0013556668601168588,100
hp_learning_rate,hp_max_depth,0.1,5.0,0.0022235305039616836,100
hp_learning_rate,hp_max_depth,0.2,2.0,0.0016028769104703354,100
hp_learning_rate,hp_max_depth,0.2,3.0,0.001892757598868205,100
hp_learning_rate,hp_max_depth,0.2,4.0,0.002384680120186191,100
hp_learning_rate,hp_max_depth,0.2,5.0,0.00299269486615968,100
