feature_group,importance
validation_brier,0.841815550606059
hp_n_neighbors,0.1522866467660601
hp_p,0.0038058302762670865
hp_weights,0.0020919723516138575
