feature_group,importance
validation_brier,0.995578335814083
hp_C,0.002245366268190666
hp_l1_ratio,0.002176297917726266
