feature_group,importance
hp_max_features,0.49878495063782025
hp_max_depth,0.30557700356713596
validation_brier,0.07811133960565221
hp_min_samples_leaf,0.04954206225563505
hp_n_estimators,0.0378642399729549
hp_min_samples_split,0.030120403960801578
