dataset,family,pool_type,target_vm,feature_group,mean_importance,std_importance,freq_top1,freq_top3,mean_rank,n_reps_used
adult,RF,full_pool,V_m,validation_brier,0.6921551881235618,0.03810089671334294,1.0,1.0,1.0,12
adult,RF,full_pool,V_m,hp_max_features,0.20321985008309318,0.021836857538815483,0.0,1.0,2.0,12
adult,RF,full_pool,V_m,hp_max_depth,0.05068020646191953,0.01716202064495977,0.0,0.6666666666666666,3.3333333333333335,12
adult,RF,full_pool,V_m,hp_min_samples_leaf,0.037408349261042244,0.00632722051417004,0.0,0.3333333333333333,3.6666666666666665,12
adult,RF,full_pool,V_m,hp_min_samples_split,0.011896884147193818,0.0066327385186052065,0.0,0.0,5.0,12
adult,RF,full_pool,V_m,hp_n_estimators,0.004639521923189254,0.001956058630458836,0.0,0.0,6.0,12
