feature_group,importance
validation_brier,0.8537789543404282
hp_n_neighbors,0.14099001155240967
hp_weights,0.003639372138057475
hp_p,0.0015916619691046419
