feature_group,importance
validation_brier,0.8579172446091794
hp_n_neighbors,0.13679697181101025
hp_weights,0.0034721795761863917
hp_p,0.0018136040036239546
