feature_group,importance
validation_brier,0.5044654431334089
hp_learning_rate,0.16394217295231148
hp_max_depth,0.13075396757596502
hp_n_estimators,0.12081657090497293
hp_subsample,0.08002184543334169
