feature,grid_value,predicted_V_m,n_background_rows
hp_learning_rate,0.01,0.0009194340603410995,100
hp_learning_rate,0.05,0.0008542925022273293,100
hp_learning_rate,0.1,0.001315928948290184,100
hp_learning_rate,0.2,0.0021571269835684876,100
