feature_group,importance
hp_C,0.8711209809904297
hp_l1_ratio,0.09150910513356955
validation_brier,0.03736991387600077
