dataset,family,pool_type,target_vm,feature_group,mean_importance,std_importance,freq_top1,freq_top3,mean_rank,n_reps_used
german,MLP,full_pool,V_m_HH,validation_brier,0.5495964129174399,0.028573135851074537,1.0,1.0,1.0,12
german,MLP,full_pool,V_m_HH,hp_learning_rate_init,0.14959177432224322,0.022338614834926954,0.0,0.9166666666666666,2.4166666666666665,12
german,MLP,full_pool,V_m_HH,hp_hidden_layer_sizes,0.14277258503663567,0.026961123427610777,0.0,0.9166666666666666,2.75,12
german,MLP,full_pool,V_m_HH,hp_alpha,0.10469774198845916,0.017603242386005018,0.0,0.16666666666666666,3.8333333333333335,12
german,MLP,full_pool,V_m_HH,hp_activation,0.053341485735222134,0.010591175807019577,0.0,0.0,5.0,12
