feature_group,importance
validation_brier,0.7906089694585834
hp_max_features,0.1524418720826439
hp_min_samples_leaf,0.02224284282639053
hp_max_depth,0.020962322054616064
hp_min_samples_split,0.009115568384433264
hp_n_estimators,0.004628425193332948
