feature_group,importance
validation_brier,0.7469686430836949
hp_learning_rate,0.11762840037855635
hp_max_depth,0.07782759913733504
hp_n_estimators,0.05277540610020169
hp_subsample,0.004799951300211946
