feature_group,importance
validation_brier,0.854905384045639
hp_C,0.12699347587362259
hp_l1_ratio,0.018101140080738463
