feature_group,importance
validation_brier,0.9833200047376437
hp_C,0.011011283046556462
hp_l1_ratio,0.005668712215800005
