dataset,family,pool_type,target_vm,feature_group,mean_importance,std_importance,freq_top1,freq_top3,mean_rank,n_reps_used
compas,MLP,Rashomon,V_m,validation_brier,0.3122438482957836,0.07132747373703863,0.5,1.0,1.6666666666666667,12
compas,MLP,Rashomon,V_m,hp_learning_rate_init,0.2496734933413652,0.05873336458376219,0.4166666666666667,0.9166666666666666,2.1666666666666665,12
compas,MLP,Rashomon,V_m,hp_hidden_layer_sizes,0.23155069109664347,0.03998801210021748,0.08333333333333333,0.9166666666666666,2.4166666666666665,12
compas,MLP,Rashomon,V_m,hp_alpha,0.12411173462867463,0.03401037419587577,0.0,0.16666666666666666,3.9166666666666665,12
compas,MLP,Rashomon,V_m,hp_activation,0.08242023263753322,0.021249112533253785,0.0,0.0,4.833333333333333,12
