dataset,family,pool_type,target_vm,feature_group,mean_importance,std_importance,freq_top1,freq_top3,mean_rank,n_reps_used
german,RF,Rashomon,V_m_HH,hp_max_features,0.511505658687124,0.15374788054007213,0.9166666666666666,0.9166666666666666,1.25,12
german,RF,Rashomon,V_m_HH,validation_brier,0.28702519752826794,0.09252202203637667,0.08333333333333333,1.0,1.9166666666666667,12
german,RF,Rashomon,V_m_HH,hp_n_estimators,0.08507957712011603,0.05775146262146521,0.0,0.8333333333333334,3.0833333333333335,12
german,RF,Rashomon,V_m_HH,hp_max_depth,0.048688441942970534,0.02684063171752157,0.0,0.16666666666666666,4.166666666666667,12
german,RF,Rashomon,V_m_HH,hp_min_samples_split,0.043687125502480856,0.039907172185018276,0.0,0.08333333333333333,4.916666666666667,12
german,RF,Rashomon,V_m_HH,hp_min_samples_leaf,0.024013999219040613,0.005274608295213323,0.0,0.0,5.666666666666667,12
