feature,grid_value,predicted_V_m,n_background_rows
hp_max_depth,2.0,0.0015212570193183156,100
hp_max_depth,3.0,0.001147230967421021,100
hp_max_depth,4.0,0.0011662726951082191,100
hp_max_depth,5.0,0.0013610740339768655,100
