feature_group,importance
validation_brier,0.7166075872184733
hp_learning_rate,0.1071235732316269
hp_n_estimators,0.08447350118894673
hp_max_depth,0.05695728850359851
hp_subsample,0.034838049857354725
