feature_group,importance
hp_C,0.816212198800736
hp_l1_ratio,0.10172045071757514
validation_brier,0.08206735048168895
