feature_group,importance
validation_brier,0.6078766769708132
hp_n_neighbors,0.3791171280380209
hp_weights,0.012461701741517044
hp_p,0.000544493249648888
