feature_group,importance
hp_C,0.9076930277828961
validation_brier,0.05040976309393047
hp_l1_ratio,0.04189720912317332
