dataset,family,pool_type,target_vm,feature_group,mean_importance,std_importance,top1_frequency,top3_frequency,mean_rank,n_reps_used
adult,RF,Rashomon,V_m,validation_brier,0.4519725878306227,0.20119588668622776,0.4166666666666667,1.0,1.5833333333333333,12
adult,RF,Rashomon,V_m,hp_max_features,0.3968869078682907,0.20102129777502378,0.5833333333333334,1.0,1.5,12
adult,RF,Rashomon,V_m,hp_min_samples_leaf,0.055727961859881985,0.014878399007983212,0.0,0.5833333333333334,3.3333333333333335,12
adult,RF,Rashomon,V_m,hp_min_samples_split,0.03991337765501443,0.01711158626886787,0.0,0.3333333333333333,4.083333333333333,12
adult,RF,Rashomon,V_m,hp_max_depth,0.031144785194968074,0.011361337323230821,0.0,0.08333333333333333,5.0,12
adult,RF,Rashomon,V_m,hp_n_estimators,0.024354379591222036,0.008140511728014265,0.0,0.0,5.5,12
