feature_group,importance
hp_n_neighbors,0.7431626316484812
validation_brier,0.24206400619121993
hp_weights,0.014249905208204685
hp_p,0.0005234569520943459
