feature_group,importance
validation_brier,0.8163828780331608
hp_n_estimators,0.06370365590789982
hp_learning_rate,0.060660691353396586
hp_max_depth,0.04479942347814118
hp_subsample,0.014453351227401661
