feature_group,importance
validation_brier,0.982881676768989
hp_C,0.013781894367843694
hp_l1_ratio,0.003336428863167322
