feature,grid_value,predicted_V_m,n_background_rows
hp_max_depth,5.0,0.003370814602224727,100
hp_max_depth,10.0,0.0029275995953252816,100
hp_max_depth,20.0,0.0029506854588017112,100
hp_max_depth,40.0,0.0029868365523067525,100
