feature_group,importance
validation_brier,0.9962958018820474
hp_l1_ratio,0.001918256078619231
hp_C,0.0017859420393335121
