feature_group,importance
hp_C,0.9003535170235826
hp_l1_ratio,0.054154399109980565
validation_brier,0.045492083866436925
