dataset,family,n_runs,mean_variance_mean,mean_variance_std,moran_i_mean,moran_i_std,n_hh_mean,n_hh_std,frac_significant_moran
german,GBM,10,0.007108161467769322,0.0011917919419078989,0.11410570348302815,0.0225707672360999,3.0,2.3570226039551585,1.0
german,LogReg,10,0.002121059847830263,0.0012829267274966913,0.05027839368705507,0.018708692804340375,0.2,0.42163702135578396,0.9
german,MLP,10,0.00931657466268496,0.00254571297936449,0.16760977048164874,0.0429240902308479,7.0,4.570436400267363,1.0
german,RF,10,0.0021229445025067,0.0008027401432396673,0.049260661044617474,0.03327170370811635,0.7,1.636391694484477,0.9
german,kNN,10,0.005646433320364327,0.0014567811323180767,0.05711365493669286,0.020681557083300554,0.8,1.0327955589886446,1.0
