dataset,family,n_runs,mean_variance_mean,mean_variance_std,moran_i_mean,moran_i_std,n_hh_mean,n_hh_std,frac_significant_moran
compas,GBM,10,0.0012454725594118576,0.0002902871630211564,0.23759043733729182,0.06398379579229405,83.2,37.688194438046516,1.0
compas,LogReg,10,5.9822238580970434e-05,0.00012783434384580934,0.17199712180025206,0.19786914605500835,57.7,77.38941931699851,1.0
compas,MLP,10,0.0012558569401979606,0.0001325454590867141,0.4216342683217597,0.04860642235673334,208.5,39.82531300009525,1.0
compas,RF,10,0.0032385363885786686,0.0003549519994120115,0.1486776712022685,0.01957499053434609,82.4,22.853154413924276,1.0
compas,kNN,10,0.010692453277963337,0.0013972662171763748,0.08981161713593522,0.02650902704756229,73.9,36.007560934398825,1.0
