dataset,method,moran_mean,moran_std,hh_mean,hh_std,n_seeds
breast_cancer,cosine,0.034327895745535644,0.02211907452255442,0.5,1.0801234497346435,10
breast_cancer,euclidean,0.031546828997908664,0.020718642815978978,1.6,2.9888682361946524,10
breast_cancer,pca_15,0.03276057965779304,0.021725371412746764,1.8,3.359894178227774,10
compas,cosine,0.20997756548651875,0.08290245098704523,114.9,50.766239875640885,10
compas,euclidean,0.19927904585582523,0.0772270346034335,86.7,55.00111109988799,10
compas,pca_15,0.19801593505332665,0.07586859756227796,82.2,50.07061679934318,10
german,cosine,0.11233984855139892,0.043307949307098456,6.2,4.779586221049312,10
german,euclidean,0.10415478446159013,0.03969504905166441,2.7,2.2135943621178655,10
german,pca_15,0.098328567869267,0.03989655551259321,3.0,2.211083193570267,10
