group_col,obs_range_stratified,null_range_mean,null_range_std,null_ci_low,null_ci_high,p_value_stratified,n_perm_valid,n_groups_eligible,eligible_groups,min_group_n,min_seeds_per_group,mean_p,obs_range_mean
race,0.09367468544694893,0.011940515318492976,0.00593059747729695,0.0027878400596260513,0.02552810271136065,0.0004997501249375312,2000,4,"African-American, Caucasian, Hispanic, Other",30,5,0.0004997501249375312,0.09367468544694893
sex,0.00014961505104059414,0.003957200219910273,0.00298070013978441,0.00016851480918018188,0.011062186445223724,0.9790104947526237,2000,2,"Female, Male",30,5,0.9790104947526237,0.00014961505104059414
