factor,n_models_total,n_models_used,n_groups,mean_ratio,median_ratio,p90_ratio,ratio_of_sums
model_name,125,125,5,0.3359707559102341,0.3237663839059551,0.5923389461410864,0.3885535703253738
