dataset,ratio_all_mean,ratio_all_std,ratio_hh_mean,ratio_hh_std,n_seeds,n_seeds_hh
breast_cancer,0.6197878067028681,0.05281468567393245,0.6883238970418225,0.04971223125110834,10,4
compas,0.4126133441609182,0.03018243785296555,0.5246049749291669,0.034582133385792024,10,10
german,0.530622075934085,0.04249877732775051,0.5338544182267512,0.050912775617990416,10,3
