Selection,Moran's I,HH count,Mean variance
Global (K=25),0.14050277401062752,48,0.0008409453700273324
Per-family (K=25/fam),0.2107541530368472,125,0.005421902750486415
