dataset,group,n_points_mean,accuracy_mean,accuracy_std,brier_mean,brier_std,mean_variance_mean,mean_variance_std
breast_cancer,HH,5.333333333333333,0.9629629629629629,0.06415002990995845,0.05127826538988086,0.0370588264065999,0.010031797756817513,0.012307828918649049
breast_cancer,non-HH,112.4,0.977828169933433,0.010317635738463041,0.017868621477735092,0.005803450492590458,0.0030818424181158644,0.0026827148660152483
compas,HH,86.7,0.7122378189390729,0.05258715181490218,0.19671557014004842,0.030064414158443093,0.006006012135011794,0.003664903035049552
compas,non-HH,1356.3,0.6816296481495951,0.009584728901693072,0.2080347328773839,0.0034776151787864725,0.0010896769050890202,0.00024360318924428626
german,HH,3.857142857142857,0.6428571428571429,0.27936056994917524,0.2137914339018047,0.08024595486249249,0.011074606036121601,0.00521778070713506
german,non-HH,197.3,0.7586827934481135,0.03235510817232922,0.16454226364531963,0.01502261795512971,0.004940010594184366,0.0021009091667853978
