feature,n_rules_with_feature,n_seeds_with_feature,mean_purity_when_used,mean_lift_when_used
age,47,10,0.33174119795442114,9.69905712995608
priors_count,42,10,0.4025016308391455,10.711244957136767
race_Caucasian,7,4,0.2961388967456062,5.223828392060618
sex_Female,6,3,0.2297032971085593,5.460953450702582
c_charge_degree_F,3,3,0.38953748006379585,15.046066763348435
c_charge_degree_M,6,2,0.2446168147262475,10.9595158135183
sex_Male,2,2,0.28248756218905474,14.542173507462689
race_Other,4,1,0.1642788039893526,7.407947317394869
race_African-American,2,1,0.475,17.135625
