feature,n_rules_with_feature,n_seeds_with_feature,mean_purity_when_used,mean_lift_when_used
priors_count,42,10,0.33761080289846807,8.118551721510022
age,39,10,0.3007393235201648,7.432999941630956
race_Caucasian,12,3,0.25229945948120447,2.427642699468445
sex_Female,4,2,0.14374850064340117,1.87199302198222
race_Hispanic,3,2,0.3837586390217969,4.242035641227575
race_Other,3,1,0.1872463768115942,5.403930434782609
c_charge_degree_F,2,1,0.2308695652173913,6.662895652173914
sex_Male,2,1,0.16665725068360038,1.4400383996193733
c_charge_degree_M,1,1,0.13043478260869565,3.9211956521739126
