feature,n_rules_with_feature,n_seeds_with_feature,mean_purity_when_used,mean_lift_when_used
age,58,10,0.3208674907318873,4.576746892753266
priors_count,54,10,0.33218294463282355,4.696951044982633
sex_Female,6,3,0.16776070732824763,1.4717275619754078
race_Caucasian,5,2,0.4329674369447097,2.640229251711053
race_Other,4,2,0.13394977927246296,2.6709949449523007
c_charge_degree_F,2,1,0.6552941176470588,7.750732883317261
c_charge_degree_M,2,1,0.07962529274004683,0.6565674138507862
sex_Male,1,1,0.15384615384615385,0.8191881918819188
