feature,n_rules_with_feature,n_seeds_with_feature,mean_purity_when_used,mean_lift_when_used
age,57,10,0.31380134129723447,4.631324566510076
priors_count,56,10,0.31562059125133185,4.519617751034015
race_Caucasian,7,3,0.3693338966646017,2.584356330329789
sex_Female,7,3,0.16595870588973055,1.3900170296993664
c_charge_degree_M,4,2,0.3555549432887909,3.8419006857772064
race_Hispanic,2,1,0.291005291005291,2.0996031746031747
c_charge_degree_F,2,1,0.18225235849056604,3.7040866662237577
race_Other,2,1,0.07661290322580645,1.5570763289413905
