group_col,group_val,hh_rate_mean,hh_rate_std,mean_var_mean,mean_var_std,n_seeds,n_seed_eligible,n_group_mean,hh_rate_ci_low,hh_rate_ci_high
race,Native American,0.20595238095238094,0.31286606173817183,0.0036471856561560655,0.0016950689542933807,10,0,3.8,0.047619047619047616,0.4119047619047619
race,Asian,0.1763095238095238,0.21900480516719026,0.004370767607241163,0.00206028671039077,10,0,6.4,0.05714285714285714,0.30952678571428566
race,Other,0.14330891355841904,0.13046745133531695,0.0019367948269923964,0.00047701678529650976,10,10,71.3,0.07746996235493002,0.2223639708255593
race,African-American,0.11420674372701015,0.074977663368217,0.0013077444996526352,0.00037101873837515776,10,10,728.9,0.0716609595665387,0.15766844314728193
race,Caucasian,0.05629658546481059,0.028272358741816953,0.0011771538826909405,0.00024556473338834195,10,10,504.5,0.04022769401534261,0.07232501507899212
race,Hispanic,0.0354762867548131,0.0349817465996836,0.0012487012374719445,0.00034814024800477653,10,10,128.1,0.016488064025974684,0.05665990053861232
sex,Male,0.08987068686793137,0.046013696122322645,0.0012765766264285117,0.0003073475779510459,10,10,1164.0,0.06305030201124932,0.11537935898756331
sex,Female,0.08548655560694154,0.08743333973619533,0.0014437076506589378,0.0003407047873282017,10,10,279.0,0.03988157470072863,0.13686776582913304
