group_col,obs_range_stratified,null_range_mean,null_range_std,null_ci_low,null_ci_high,p_value_stratified,n_perm_valid,n_groups_eligible,eligible_groups,min_group_n,min_seeds_per_group,mean_p,obs_range_mean
race,0.11149555846423363,0.01462364840761159,0.007125823307834606,0.0036690627399295086,0.03109124318738517,0.0004997501249375312,2000,4,"African-American, Caucasian, Hispanic, Other",30,5,0.0004997501249375312,0.11149555846423363
sex,0.005017407152964337,0.004748408934565679,0.0035926723373931983,0.0001835638898206083,0.013156324641734714,0.4017991004497751,2000,2,"Female, Male",30,5,0.4017991004497751,0.005017407152964337
