group_col,group_val,hh_rate_mean,hh_rate_std,mean_var_mean,mean_var_std,n_seeds,n_seed_eligible,n_group_mean,hh_rate_ci_low,hh_rate_ci_high
race,Native American,0.20595238095238094,0.31286606173817183,0.0036471856561560655,0.0016950689542933807,10,0,3.8,0.047619047619047616,0.4119047619047619
race,Asian,0.1905952380952381,0.22122825467185456,0.004370767607241163,0.00206028671039077,10,0,6.4,0.06964285714285715,0.3239315476190476
race,Other,0.1464442736389831,0.13284875869693555,0.0019367948269923964,0.00047701678529650976,10,10,71.3,0.08202261308239193,0.22775915426411528
race,African-American,0.11508083041228308,0.0730339549772472,0.0013077444996526352,0.00037101873837515776,10,10,728.9,0.07281251346056372,0.1571391716859749
race,Caucasian,0.05726784417199228,0.02793284032952482,0.0011771538826909405,0.00024556473338834195,10,10,504.5,0.04125919844699807,0.07295138547769439
race,Hispanic,0.03494871517474947,0.029869338341146096,0.0012487012374719445,0.00034814024800477653,10,10,128.1,0.018486601728257213,0.052958502664229065
sex,Male,0.09090304062351443,0.044293888308304386,0.0012765766264285117,0.0003073475779510459,10,10,1164.0,0.06453027008942841,0.11499210271381499
sex,Female,0.08588563347055009,0.08974177563563343,0.0014437076506589378,0.0003407047873282017,10,10,279.0,0.03839636356748742,0.13852425458263523
