group_col,obs_range_stratified,null_range_mean,null_range_std,null_ci_low,null_ci_high,p_value_stratified,n_perm_valid,n_groups_eligible,eligible_groups,min_group_n,min_seeds_per_group,mean_p,obs_range_mean
race,0.10783262680360595,0.014560633076142467,0.007181583688270083,0.0038902107847202947,0.03108829729375869,0.0004997501249375312,2000,4,"African-American, Caucasian, Hispanic, Other",30,5,0.0004997501249375312,0.10783262680360595
sex,0.00438413126098984,0.004751369036182276,0.0035676151602919274,0.00016999252344454194,0.013197685641059912,0.4617691154422789,2000,2,"Female, Male",30,5,0.4617691154422789,0.00438413126098984
