dataset,mean_pval,frac_sig,margin_hh,margin_non_hh
adult,3.2661491607605596e-65,1.0,0.1988441067844696,0.382242594677887
compas,0.5310428691697824,0.4,0.18641014190881502,0.17822108313494178
german,0.07677867926953016,0.8571428571428571,0.14645694995044037,0.2596572533032059
