dataset,pearson_r_mean,pearson_r_std,spearman_r_mean,spearman_r_std,margin_hh_mean,margin_hh_std,margin_non_hh_mean,margin_non_hh_std,margin_hv_mean,margin_non_hv_mean
adult,-0.3316743370789925,0.03904391797791219,-0.8886156997304449,0.017554711837118417,0.1988441067844696,0.008814391181120375,0.382242594677887,0.0049273591876120345,0.19633142375288948,0.3895085805267416
compas,-0.04335203422114377,0.09106224899669928,-0.07419903696394345,0.17510835421926157,0.18641014190881502,0.04346630906598774,0.17822108313494178,0.004940250513647294,0.17216885329042347,0.17824222971073295
german,-0.5561646048643667,0.13185216153885204,-0.6954089852246307,0.10349458264004616,0.13442162046589617,0.05414440316264343,0.259868625897932,0.018413356378967953,0.1357607391905785,0.2694572600512668
