dataset,n_runs,obs_mean,obs_std,null_mean,null_std,p_empirical_mean,frac_sig
adult,10,0.1228820011860295,0.016416707058784185,-6.299883960901801e-05,0.001619348597647467,0.009900990099009901,1.0
compas,10,0.17176931556323033,0.03233717305681756,-0.0008529841947026887,0.006181677513589992,0.009900990099009901,1.0
german,10,0.052491074284554906,0.030359105009746562,-0.005876119356291907,0.014440459775177184,0.08514851485148514,0.9
